id,dish,dish_rating,dining_hall
10369661,Cottage Cheese,1,Collins
10362596,Scrambled Eggs Whites,3,Hoch
10377095,Pepperoni Pizza,5,Frank
10375086,Mushroom Swiss Scramble,1,McConnel
10365180,Buttermilk Pancakes,5,Hoch
10377061,Cinnamon French Toast,4,Malott
10372733,Roasted Cajun Salmon,2,Hoch
10372945,Simple Vegan Breakfast hash,1,McConnel
10363648,Hash Browns,5,McConnel
10375913,Hard Boiled Eggs,5,Oldenborg
10361633,Mushroom Swiss Scramble,2,Frank
10369565,Scrambled Eggs Whites,4,Oldenborg
10376823,Roasted Cajun Salmon,5,Frank
10372615,Roasted Cajun Salmon,4,Collins
10374352,Roasted Cajun Salmon,2,Frank
10366011,Dirty Rice,1,McConnel
10378265,Scrambled Eggs Whites,3,McConnel
10370880,Beyond Breakfast Sausage,5,Collins
10362462,Avocado Toast with Fried Egg,3,Oldenborg
10360479,Cottage Cheese,5,Collins
10370646,Tater Tots,1,Collins
10368134,Mac and Cheese,1,Hoch
10370672,BBQ Pulled Chicken Sandwich,5,McConnel
10375338,New England Clam Chowder,5,Oldenborg
10363040,Lemon Parmesan Asparagus,3,Frary
10362849,Avocado Toast with Fried Egg,2,Frary
10378905,Simple Vegan Breakfast hash,4,Frary
10366134,Impossible Beef Soft Tacos,1,Frary
10370773,Pepperoni Pizza,3,Malott
10377243,Dulce De Leche Oreo Bar,1,Frank
10373854,Chili Stuffed Sweet Potato,3,Hoch
10362847,Sauteed Kale,4,Oldenborg
10379672,French Fries,2,Collins
10374576,Scrambled Eggs Whites,5,Collins
10377776,Chicken and Waffles,2,Frank
10376306,Cottage Cheese,5,Oldenborg
10376414,Tater Tots,2,Frank
10372113,Mac and Cheese,3,Frary
10368732,Bacon Western Cheeseburger Pizza,3,Frary
10379766,Mushroom Swiss Scramble,3,Malott
10373037,Pepperoni Pizza,2,McConnel
10374606,Sauteed Kale,2,Frary
10363078,Buttermilk Pancakes,3,Frary
10373257,Mushroom Swiss Scramble,3,Malott
10362461,Sausage Chedar Scramble,2,Hoch
10361067,Poke Bowl,1,Collins
10375388,Pepperoni Pizza,5,Hoch
10378963,Chicken and Waffles,4,Oldenborg
10375925,Hash Browns,5,Hoch
10373769,Sauteed Kale,3,Hoch
10369270,Roasted Cajun Salmon,5,Frary
10374889,Fried Fishless Filets,3,McConnel
10372933,Dirty Rice,1,Hoch
10378682,Scrambled Eggs Whites,3,Frary
10364500,Buttermilk Pancakes,1,Malott
10376915,Beyond Breakfast Sausage,5,McConnel
10366899,Greek Yogurt,3,Malott
10366635,Bacon Western Cheeseburger Pizza,4,Frary
10365777,Scrambled Eggs Whites,3,Hoch
10365840,Philly Cheesesteak,2,Malott
10379484,Tater Tots,5,Malott
10364720,French Fries,2,Hoch
10370190,Scrambled Whole Eggs,3,Hoch
10364366,Beef Ravioli,2,Oldenborg
10361223,Lemon Parmesan Asparagus,4,Oldenborg
10378670,Avocado Toast with Fried Egg,3,Hoch
10378312,Chili Stuffed Sweet Potato,5,Collins
10370558,Beyond Breakfast Sausage,5,Collins
10373678,Buttermilk Pancakes,1,McConnel
10373797,Crab Cake,1,Oldenborg
10365639,Cinnamon French Toast,1,Frank
10376683,Roasted Cajun Salmon,4,Oldenborg
10378564,Beyond Breakfast Sausage,3,Frank
10373676,BBQ Pulled Chicken Sandwich,2,Frank
10360536,Chili Stuffed Sweet Potato,2,Oldenborg
10378677,Cinnamon French Toast,2,Collins
10374698,Home Fries,1,Frank
10372431,Gluten Free Oatmeal,2,Frary
10367537,Chili Stuffed Sweet Potato,3,McConnel
10374573,Greek Yogurt,2,Frank
10369073,French Fries,2,Malott
10363124,Cottage Cheese,4,Malott
10376948,Beef Ravioli,1,Hoch
10372826,Home Fries,1,Collins
10376715,Bacon Western Cheeseburger Pizza,1,Oldenborg
10367502,Crab Cake,1,Oldenborg
10365296,Grilled Halal Chicken Breasts,5,McConnel
10369611,New England Clam Chowder,4,Frank
10377773,Cottage Cheese,1,Hoch
10368094,Roasted Cajun Salmon,2,Hoch
10377887,Crab Cake,4,Malott
10371464,Mushroom Swiss Scramble,4,Collins
10377743,Sausage Chedar Scramble,2,McConnel
10375114,Chili Stuffed Sweet Potato,1,Oldenborg
10366966,Sauteed Kale,5,Frank
10371147,Scrambled Whole Eggs,1,Malott
10379850,Crab Cake,1,Malott
10361568,Sauteed Kale,1,Malott
10369532,Simple Vegan Breakfast hash,3,Frank
10371009,Philly Cheesesteak,5,Malott
10365390,Gluten Free Oatmeal,1,Frary
10362724,Banana Split Pancakes,1,Collins
10364756,Banana Split Pancakes,5,Hoch
10360914,Sausage Chedar Scramble,3,Frary
10363439,Dulce De Leche Oreo Bar,5,Malott
10362564,Lemon Parmesan Asparagus,1,Hoch
10365085,Tater Tots,5,Frank
10370119,Avocado Toast with Fried Egg,2,Collins
10370939,French Fries,5,McConnel
10379552,Italian Roast Beef,4,Frary
10365568,Scrambled Whole Eggs,5,Malott
10374226,Hash Browns,2,McConnel
10376098,Sausage Chedar Scramble,4,Oldenborg
10371171,Cottage Cheese,5,Hoch
10378471,Scrambled Whole Eggs,1,Hoch
10377450,Tater Tots,1,Oldenborg
10374486,Mac and Cheese,2,Frank
10362711,Sausage Chedar Scramble,3,Collins
10361352,Hard Boiled Eggs,1,Collins
10362826,Philly Cheesesteak,4,Frank
10376335,Roasted Cajun Salmon,4,Frank
10362605,Scrambled Eggs Whites,1,Hoch
10372119,Scrambled Whole Eggs,4,Frary
10362786,Mushroom Swiss Scramble,5,Collins
10373937,Lemon Parmesan Asparagus,2,Collins
10361225,BBQ Pulled Chicken Sandwich,4,Oldenborg
10365425,Simple Vegan Breakfast hash,2,Oldenborg
10378569,Lemon Parmesan Asparagus,3,McConnel
10364354,Cottage Cheese,5,Frank
10374848,Roasted Cajun Salmon,3,Malott
10365116,Succotash,5,Hoch
10361147,French Fries,2,Frary
10362542,Tater Tots,4,Oldenborg
10368232,Hash Browns,1,Malott
10376380,Simple Vegan Breakfast hash,3,Malott
10377139,Dulce De Leche Oreo Bar,3,McConnel
10374078,Dulce De Leche Oreo Bar,4,Collins
10366231,BBQ Pulled Chicken Sandwich,2,McConnel
10374526,Scrambled Whole Eggs,3,Frank
10377855,Beef Ravioli,4,Oldenborg
10368298,Philly Cheesesteak,5,Hoch
10360655,Tater Tots,3,Frank
10370377,Gluten Free Oatmeal,2,Frank
10377221,Fried Fishless Filets,4,Malott
10376698,Fried Fishless Filets,1,Oldenborg
10367753,Gluten Free Oatmeal,3,Collins
10363165,Chili Stuffed Sweet Potato,3,Oldenborg
10369370,Cinnamon French Toast,2,Collins
10360487,Beef Ravioli,1,Hoch
10379525,Mac and Cheese,5,Frary
10369472,Roasted Cajun Salmon,1,Collins
10367733,Beyond Breakfast Sausage,1,Hoch
10375051,Bacon Western Cheeseburger Pizza,4,Collins
10367948,Hard Boiled Eggs,2,Frary
10367644,Hard Boiled Eggs,1,Malott
10363165,Sauteed Kale,3,Hoch
10363716,Beef Ravioli,2,Malott
10363399,Crab Cake,4,Malott
10373635,Simple Vegan Breakfast hash,1,Hoch
10377116,Chili Stuffed Sweet Potato,2,Oldenborg
10374666,Gluten Free Oatmeal,4,Hoch
10378849,Avocado Toast with Fried Egg,3,McConnel
10374185,Bacon Western Cheeseburger Pizza,2,Oldenborg
10379554,Lemon Parmesan Asparagus,5,Hoch
10364966,Crab Cake,2,Frank
10376632,Cinnamon French Toast,1,Collins
10362212,Italian Roast Beef,2,Hoch
10361856,Beyond Breakfast Sausage,2,Hoch
10375082,Chili Stuffed Sweet Potato,3,Frary
10370621,Sausage Chedar Scramble,3,Oldenborg
10372522,Home Fries,1,Frank
10363909,Roasted Cajun Salmon,2,Frary
10375875,Beef Ravioli,4,Collins
10364227,Scrambled Whole Eggs,4,Collins
10371033,Succotash,2,Collins
10363338,Hash Browns,2,McConnel
10360233,Philly Cheesesteak,1,Collins
10365260,Crab Cake,4,Oldenborg
10373050,Bacon Western Cheeseburger Pizza,3,Frank
10371342,Bacon Western Cheeseburger Pizza,2,McConnel
10362831,Beyond Breakfast Sausage,4,Oldenborg
10372185,Cinnamon French Toast,2,Collins
10371800,Grilled Halal Chicken Breasts,3,Malott
10365452,Scrambled Eggs Whites,3,Malott
10366408,Cottage Cheese,2,McConnel
10377059,Avocado Toast with Fried Egg,2,Frary
10375069,Cheese Pizza,3,Frank
10360164,BBQ Pulled Chicken Sandwich,3,Frank
10373408,Chili Stuffed Sweet Potato,1,Frank
10364289,Chicken and Waffles,5,McConnel
10375803,Tater Tots,5,McConnel
10375738,Hash Browns,1,Hoch
10377610,Mac and Cheese,3,Malott
10363202,Beef Ravioli,1,Frank
10377371,Crab Cake,3,Hoch
10371200,Chicken and Waffles,3,Malott
10363661,Succotash,1,McConnel
10368750,New England Clam Chowder,2,Hoch
10368425,Fried Fishless Filets,4,McConnel
10373503,Crab Cake,1,McConnel
10374538,Home Fries,2,Frank
10364123,BBQ Pulled Chicken Sandwich,3,Frary
10377457,New England Clam Chowder,5,Oldenborg
10376112,Cinnamon French Toast,2,Frary
10373329,BBQ Pulled Chicken Sandwich,2,Collins
10376727,Sausage Chedar Scramble,3,McConnel
10364312,Poke Bowl,3,Oldenborg
10364585,Roasted Cajun Salmon,5,McConnel
10375277,Sauteed Kale,3,Collins
10370401,Beyond Breakfast Sausage,2,Frank
10375828,Mac and Cheese,2,Malott
10369788,BBQ Pulled Chicken Sandwich,5,Frank
10378648,Avocado Toast with Fried Egg,1,McConnel
10372503,Scrambled Eggs Whites,3,Frank
10364391,Hard Boiled Eggs,2,Collins
10375117,Bacon Western Cheeseburger Pizza,5,Hoch
10372408,Cottage Cheese,4,Frank
10371454,Beyond Breakfast Sausage,4,Oldenborg
10374010,Scrambled Whole Eggs,3,Frary
10374850,BBQ Pulled Chicken Sandwich,3,Frank
10360140,Beyond Breakfast Sausage,3,Frank
10360440,Succotash,1,Malott
10369307,Crab Cake,1,Frank
10375016,Sausage Chedar Scramble,2,McConnel
10362953,Buttermilk Pancakes,2,Hoch
10360329,Beyond Breakfast Sausage,3,Oldenborg
10374172,Crab Cake,1,Frary
10377774,Philly Cheesesteak,5,Frary
10370655,Scrambled Eggs Whites,1,Malott
10365781,Beyond Breakfast Sausage,1,Malott
10379746,Sausage Chedar Scramble,2,Frary
10362629,Simple Vegan Breakfast hash,5,McConnel
10362412,Banana Split Pancakes,5,Frank
10361294,Pepperoni Pizza,5,Oldenborg
10365592,Home Fries,4,McConnel
10362933,Dulce De Leche Oreo Bar,3,Oldenborg
10363277,Succotash,2,Collins
10364871,Home Fries,5,Malott
10363407,Hash Browns,4,Oldenborg
10374799,Gluten Free Oatmeal,2,Frank
10369476,Beef Ravioli,5,Oldenborg
10365044,French Fries,4,Hoch
10374346,Mac and Cheese,4,Oldenborg
10368204,Dulce De Leche Oreo Bar,5,Oldenborg
10362174,BBQ Pulled Chicken Sandwich,3,Collins
10376968,Simple Vegan Breakfast hash,2,Oldenborg
10360357,Avocado Toast with Fried Egg,5,Frary
10365259,Crab Cake,5,Frank
10374721,Simple Vegan Breakfast hash,3,Frary
10372115,Dirty Rice,3,Hoch
10369419,Buttermilk Pancakes,4,McConnel
10361030,Crab Cake,3,Frank
10363281,Beyond Breakfast Sausage,5,Frank
10364758,Pepperoni Pizza,3,Frary
10369028,Beef Ravioli,1,Hoch
10366013,Buttermilk Pancakes,2,Frank
10369685,Philly Cheesesteak,2,Collins
10370879,Grilled Halal Chicken Breasts,4,Frank
10364335,Poke Bowl,5,Hoch
10362643,Mushroom Swiss Scramble,5,Hoch
10374405,Philly Cheesesteak,3,Collins
10361273,Mac and Cheese,1,Malott
10361252,Cheese Pizza,3,McConnel
10366169,Home Fries,2,McConnel
10367957,Succotash,2,Hoch
10363361,Beyond Breakfast Sausage,2,Hoch
10360519,Fried Fishless Filets,5,Collins
10371404,Lemon Parmesan Asparagus,3,Frary
10373178,Simple Vegan Breakfast hash,2,Frary
10369126,Grilled Halal Chicken Breasts,3,McConnel
10369163,Lemon Parmesan Asparagus,3,Hoch
10370688,Sausage Chedar Scramble,4,Oldenborg
10379942,Fried Fishless Filets,3,Oldenborg
10368627,BBQ Pulled Chicken Sandwich,1,Frank
10377639,Mushroom Swiss Scramble,4,McConnel
10361043,Dulce De Leche Oreo Bar,4,Malott
10361163,Poke Bowl,3,Frank
10377361,Scrambled Eggs Whites,5,Collins
10365010,Chili Stuffed Sweet Potato,1,Oldenborg
10378049,Tater Tots,4,Frank
10367121,Beef Ravioli,3,Collins
10365817,Grilled Halal Chicken Breasts,2,Oldenborg
10360814,Tater Tots,5,Malott
10365412,Poke Bowl,3,Collins
10362018,Chili Stuffed Sweet Potato,4,Frank
10360753,French Fries,3,Frary
10366528,New England Clam Chowder,1,Frank
10367567,Hash Browns,2,Frary
10376447,Italian Roast Beef,5,Collins
10368033,Italian Roast Beef,3,Malott
10373554,French Fries,5,McConnel
10376731,Hash Browns,2,Malott
10367676,Impossible Beef Soft Tacos,3,Malott
10367868,Grilled Halal Chicken Breasts,2,Malott
10368091,Lemon Parmesan Asparagus,4,Collins
10375796,Roasted Cajun Salmon,4,Collins
10367998,Tater Tots,1,Hoch
10374147,Buttermilk Pancakes,2,Hoch
10372674,Beyond Breakfast Sausage,5,Collins
10375550,Gluten Free Oatmeal,2,Malott
10369019,Bacon Western Cheeseburger Pizza,2,McConnel
10364196,Hard Boiled Eggs,1,Collins
10378557,Beef Ravioli,2,Malott
10378982,New England Clam Chowder,3,Frank
10376972,Crab Cake,1,Frary
10377760,Grilled Halal Chicken Breasts,5,Hoch
10379047,Gluten Free Oatmeal,1,Malott
10375490,BBQ Pulled Chicken Sandwich,1,Malott
10365662,New England Clam Chowder,3,Hoch
10362824,Sauteed Kale,5,McConnel
10368388,Buttermilk Pancakes,5,Hoch
10373905,Home Fries,4,Hoch
10370484,Bacon Western Cheeseburger Pizza,2,Hoch
10372308,Italian Roast Beef,4,Oldenborg
10368165,Beyond Breakfast Sausage,1,Hoch
10364282,Sausage Chedar Scramble,1,Malott
10362848,Chili Stuffed Sweet Potato,2,Hoch
10373938,Scrambled Whole Eggs,3,Malott
10366662,Mushroom Swiss Scramble,5,Hoch
10379718,Hard Boiled Eggs,2,Hoch
10374839,New England Clam Chowder,5,Oldenborg
10374859,Dulce De Leche Oreo Bar,1,McConnel
10370848,Sausage Chedar Scramble,1,Oldenborg
10378523,Buttermilk Pancakes,4,McConnel
10361338,Grilled Halal Chicken Breasts,3,Oldenborg
10373109,Scrambled Whole Eggs,3,McConnel
10377695,Hash Browns,3,Frary
10377747,Hard Boiled Eggs,5,Frary
10371667,Bacon Western Cheeseburger Pizza,5,Collins
10368959,Mac and Cheese,5,Oldenborg
10367857,Philly Cheesesteak,1,Collins
10375845,Sauteed Kale,3,Hoch
10369123,Fried Fishless Filets,4,McConnel
10364823,Crab Cake,4,Frank
10370380,Fried Fishless Filets,5,McConnel
10365225,Cheese Pizza,5,Oldenborg
10378138,Hash Browns,2,Hoch
10374163,Simple Vegan Breakfast hash,5,Frank
10367670,Buttermilk Pancakes,1,Malott
10363995,Scrambled Whole Eggs,2,Hoch
10375813,Chili Stuffed Sweet Potato,4,Oldenborg
10361240,New England Clam Chowder,4,McConnel
10378422,Philly Cheesesteak,4,McConnel
10363601,Bacon Western Cheeseburger Pizza,5,Hoch
10361429,Mac and Cheese,4,Collins
10361899,Cottage Cheese,5,Hoch
10364526,Cheese Pizza,3,Malott
10363657,Sausage Chedar Scramble,3,Frary
10370403,Scrambled Eggs Whites,2,Oldenborg
10362283,Bacon Western Cheeseburger Pizza,1,Malott
10362128,Gluten Free Oatmeal,2,Oldenborg
10372822,Mushroom Swiss Scramble,5,McConnel
10369825,Chicken and Waffles,1,McConnel
10368252,Scrambled Whole Eggs,1,Frank
10362803,Bacon Western Cheeseburger Pizza,5,Frary
10362095,Cheese Pizza,1,Collins
10368206,New England Clam Chowder,4,Collins
10375834,Lemon Parmesan Asparagus,2,Malott
10370714,Gluten Free Oatmeal,3,Oldenborg
10364505,Mac and Cheese,4,Malott
10370755,Succotash,3,Frank
10377587,Scrambled Eggs Whites,2,Frank
10361406,Crab Cake,2,Malott
10363558,Beef Ravioli,1,Malott
10371531,Italian Roast Beef,1,Frary
10372433,Sauteed Kale,5,Malott
10363310,Hash Browns,4,Frank
10373723,Impossible Beef Soft Tacos,4,Oldenborg
10366529,Philly Cheesesteak,4,Malott
10369168,Gluten Free Oatmeal,2,Frary
10378154,Roasted Cajun Salmon,5,Hoch
10373266,New England Clam Chowder,4,Oldenborg
10375081,Tater Tots,2,Frank
10373737,Beyond Breakfast Sausage,3,Hoch
10361708,Mushroom Swiss Scramble,3,Frank
10365393,Gluten Free Oatmeal,4,Oldenborg
10378780,Cottage Cheese,1,Hoch
10360163,New England Clam Chowder,2,Collins
10362620,Sausage Chedar Scramble,1,Hoch
10360815,Philly Cheesesteak,3,Collins
10366430,Banana Split Pancakes,1,McConnel
10368488,Sauteed Kale,4,Oldenborg
10373701,Grilled Halal Chicken Breasts,2,Frary
10368031,Chicken and Waffles,4,Collins
10368649,Grilled Halal Chicken Breasts,4,Frank
10360962,New England Clam Chowder,2,Collins
10376333,Fried Fishless Filets,3,Malott
10374273,Avocado Toast with Fried Egg,5,McConnel
10364474,Beyond Breakfast Sausage,3,Malott
10366133,Bacon Western Cheeseburger Pizza,5,Malott
10362583,Grilled Halal Chicken Breasts,1,Collins
10376286,Buttermilk Pancakes,2,Hoch
10371098,Chicken and Waffles,5,Malott
10368163,Hash Browns,2,Collins
10361865,Bacon Western Cheeseburger Pizza,1,McConnel
10368649,Fried Fishless Filets,1,Malott
10367456,Hash Browns,5,Hoch
10373860,Mushroom Swiss Scramble,3,Hoch
10360989,Buttermilk Pancakes,2,Oldenborg
10367321,BBQ Pulled Chicken Sandwich,4,Frary
10375986,Beef Ravioli,4,Collins
10364735,Gluten Free Oatmeal,1,Malott
10377435,Hash Browns,1,Hoch
10363450,Beef Ravioli,4,Malott
10368466,Greek Yogurt,1,Frary
10372426,Sauteed Kale,3,Oldenborg
10367173,Bacon Western Cheeseburger Pizza,4,Malott
10362083,New England Clam Chowder,4,Frank
10362490,Pepperoni Pizza,5,Malott
10378413,Italian Roast Beef,2,Malott
10366647,Cheese Pizza,1,Oldenborg
10364765,Philly Cheesesteak,2,Oldenborg
10378860,Cheese Pizza,1,Hoch
10370402,Cheese Pizza,5,McConnel
10379243,Chili Stuffed Sweet Potato,4,Frary
10373210,Avocado Toast with Fried Egg,2,Hoch
10366343,Avocado Toast with Fried Egg,2,Oldenborg
10375879,Italian Roast Beef,4,Frank
10372517,Beef Ravioli,2,Frary
10370696,Sauteed Kale,5,Frary
10369181,Succotash,4,McConnel
10376988,Mushroom Swiss Scramble,3,McConnel
10377114,Beef Ravioli,3,Collins
10367547,Chili Stuffed Sweet Potato,5,McConnel
10377402,Crab Cake,4,Oldenborg
10379905,BBQ Pulled Chicken Sandwich,1,Collins
10368362,New England Clam Chowder,5,Malott
10378365,Greek Yogurt,3,Collins
10369056,Mac and Cheese,1,McConnel
10362366,New England Clam Chowder,3,Collins
10374132,Chili Stuffed Sweet Potato,3,Malott
10365213,Italian Roast Beef,3,Frank
10374882,Sausage Chedar Scramble,5,McConnel
10370571,Philly Cheesesteak,1,Frank
10371928,Home Fries,1,Collins
10373332,Mac and Cheese,3,Hoch
10374842,Scrambled Eggs Whites,3,Collins
10374968,Poke Bowl,4,Frary
10375804,Greek Yogurt,1,Hoch
10367524,French Fries,4,Malott
10368279,Mac and Cheese,2,Oldenborg
10367133,Home Fries,1,Hoch
10368870,Impossible Beef Soft Tacos,5,Hoch
10375190,Dirty Rice,5,Hoch
10377643,New England Clam Chowder,1,Frary
10376020,Sauteed Kale,1,Frank
10377265,Impossible Beef Soft Tacos,5,Frary
10379152,Sauteed Kale,3,McConnel
10375469,Dirty Rice,1,Malott
10378778,Chicken and Waffles,1,Oldenborg
10374807,Home Fries,5,Frary
10360210,Grilled Halal Chicken Breasts,4,Hoch
10379094,Greek Yogurt,3,Hoch
10368974,Simple Vegan Breakfast hash,3,Collins
10371133,Crab Cake,5,Hoch
10360390,Cottage Cheese,5,Collins
10371772,Sauteed Kale,2,McConnel
10363205,Grilled Halal Chicken Breasts,1,Frary
10370897,Succotash,4,Collins
10374655,Buttermilk Pancakes,2,McConnel
10376494,Grilled Halal Chicken Breasts,2,Malott
10372856,Grilled Halal Chicken Breasts,2,Frary
10378540,Cinnamon French Toast,1,McConnel
10370852,Lemon Parmesan Asparagus,2,Frank
10370025,Scrambled Eggs Whites,4,Collins
10366945,Pepperoni Pizza,5,McConnel
10369756,BBQ Pulled Chicken Sandwich,5,Frary
10364405,Hash Browns,3,Frank
10363038,Beef Ravioli,1,Frank
10377571,New England Clam Chowder,3,Collins
10377839,Beef Ravioli,3,Oldenborg
10373818,Mushroom Swiss Scramble,2,Collins
10374188,Greek Yogurt,4,Frank
10361376,Hard Boiled Eggs,5,Malott
10360582,Home Fries,2,Oldenborg
10362641,Lemon Parmesan Asparagus,4,McConnel
10373913,Italian Roast Beef,3,Oldenborg
10373151,Simple Vegan Breakfast hash,2,McConnel
10363308,New England Clam Chowder,5,Malott
10370877,Sausage Chedar Scramble,1,Hoch
10372227,Dulce De Leche Oreo Bar,4,Frank
10361564,Lemon Parmesan Asparagus,3,Hoch
10377470,Chicken and Waffles,1,Oldenborg
10361472,Chicken and Waffles,3,Frank
10376468,Beef Ravioli,2,Hoch
10361934,Impossible Beef Soft Tacos,3,Collins
10366747,Roasted Cajun Salmon,4,Frank
10365097,Lemon Parmesan Asparagus,4,Malott
10378649,Poke Bowl,3,Malott
10367516,Greek Yogurt,4,Collins
10379644,Succotash,5,Collins
10370990,Philly Cheesesteak,4,Collins
10372831,Hash Browns,3,Frank
10374149,Philly Cheesesteak,4,Collins
10376834,Chicken and Waffles,3,Hoch
10362314,Chicken and Waffles,5,Collins
10363654,Avocado Toast with Fried Egg,3,Oldenborg
10360288,Chicken and Waffles,5,Malott
10369855,Simple Vegan Breakfast hash,2,McConnel
10364777,Sausage Chedar Scramble,2,McConnel
10372048,Fried Fishless Filets,1,Collins
10377390,French Fries,3,McConnel
10362236,Dirty Rice,3,Frank
10375648,Sausage Chedar Scramble,4,Oldenborg
10369666,Fried Fishless Filets,4,McConnel
10367902,Buttermilk Pancakes,4,Collins
10365636,BBQ Pulled Chicken Sandwich,5,McConnel
10368506,New England Clam Chowder,2,Frary
10361540,Mushroom Swiss Scramble,5,Hoch
10376317,Cottage Cheese,5,McConnel
10377451,Philly Cheesesteak,3,McConnel
10367337,Fried Fishless Filets,5,Frank
10364283,Cottage Cheese,5,Malott
10362280,Succotash,1,Frary
10363551,Hard Boiled Eggs,1,Hoch
10365828,Succotash,2,Frank
10368513,Philly Cheesesteak,3,Malott
10378124,Simple Vegan Breakfast hash,4,Malott
10374874,Gluten Free Oatmeal,2,Frank
10372898,Mushroom Swiss Scramble,4,Hoch
10360817,Gluten Free Oatmeal,4,Oldenborg
10373684,Philly Cheesesteak,2,Oldenborg
10379940,Beyond Breakfast Sausage,5,McConnel
10369544,Tater Tots,2,Collins
10360535,Roasted Cajun Salmon,1,Malott
10373460,Hash Browns,3,Oldenborg
10369709,Roasted Cajun Salmon,3,McConnel
10362664,Sauteed Kale,1,Frank
10363224,Banana Split Pancakes,1,Hoch
10370856,Philly Cheesesteak,4,Frank
10360557,Sauteed Kale,1,Frank
10366273,French Fries,1,Frary
10375442,Impossible Beef Soft Tacos,4,McConnel
10379941,Simple Vegan Breakfast hash,3,Frank
10379473,Sauteed Kale,2,Frary
10375188,Cheese Pizza,1,Collins
10370287,Cottage Cheese,3,Hoch
10374676,Sausage Chedar Scramble,5,Malott
10369116,BBQ Pulled Chicken Sandwich,5,Frary
10368004,Sausage Chedar Scramble,4,Frary
10367954,Pepperoni Pizza,4,Malott
10378344,New England Clam Chowder,1,McConnel
10366500,Tater Tots,5,Oldenborg
10367271,Greek Yogurt,5,Oldenborg
10375743,Dulce De Leche Oreo Bar,1,Hoch
10378834,Dirty Rice,4,Oldenborg
10379983,Mac and Cheese,1,Malott
10360841,Scrambled Whole Eggs,4,Frank
10375691,Dulce De Leche Oreo Bar,3,Frary
10371782,Beef Ravioli,5,Frary
10368718,Dulce De Leche Oreo Bar,5,Frary
10364265,Poke Bowl,1,Malott
10377454,Buttermilk Pancakes,1,McConnel
10374372,Hash Browns,3,McConnel
10368678,New England Clam Chowder,2,Oldenborg
10361225,Hard Boiled Eggs,5,Frary
10377054,Sauteed Kale,4,McConnel
10366932,Banana Split Pancakes,2,McConnel
10370384,Banana Split Pancakes,3,McConnel
10363025,Banana Split Pancakes,4,Malott
10371697,Hard Boiled Eggs,1,Frary
10370287,Cinnamon French Toast,4,Hoch
10372687,Gluten Free Oatmeal,4,Hoch
10373010,Poke Bowl,2,Collins
10377755,Cinnamon French Toast,4,Frary
10379970,Philly Cheesesteak,2,Collins
10372982,Dulce De Leche Oreo Bar,5,Frank
10360003,Impossible Beef Soft Tacos,2,Collins
10363754,Sausage Chedar Scramble,4,Oldenborg
10366978,Dirty Rice,1,Hoch
10367769,Hard Boiled Eggs,3,Collins
10368942,Beyond Breakfast Sausage,2,Frary
10371048,Chili Stuffed Sweet Potato,5,Hoch
10364632,Chili Stuffed Sweet Potato,3,McConnel
10361518,Cinnamon French Toast,1,Frank
10377809,Greek Yogurt,1,Malott
10372657,Mac and Cheese,1,Oldenborg
10377908,Beef Ravioli,5,Hoch
10374098,Buttermilk Pancakes,4,Frank
10365180,Chicken and Waffles,4,Malott
10362559,Lemon Parmesan Asparagus,2,Oldenborg
10365239,Greek Yogurt,2,Hoch
10364982,Hash Browns,3,Malott
10364531,Scrambled Whole Eggs,1,Frary
10362523,Succotash,5,Malott
10375206,Poke Bowl,4,Hoch
10373570,Beyond Breakfast Sausage,4,McConnel
10362621,French Fries,5,Hoch
10372319,Succotash,4,Malott
10360019,Hash Browns,1,Hoch
10363065,Simple Vegan Breakfast hash,3,McConnel
10371800,Grilled Halal Chicken Breasts,4,Malott
10367565,Fried Fishless Filets,2,Frary
10368880,Beyond Breakfast Sausage,2,Frary
10374794,Greek Yogurt,4,Frary
10369822,Crab Cake,3,Frary
10368918,Poke Bowl,5,McConnel
10362152,Crab Cake,1,Hoch
10373077,Chili Stuffed Sweet Potato,4,Malott
10372225,Italian Roast Beef,4,Hoch
10375427,Fried Fishless Filets,4,McConnel
10377776,Chili Stuffed Sweet Potato,4,Malott
10367026,Hard Boiled Eggs,4,Collins
10365939,Lemon Parmesan Asparagus,2,McConnel
10376498,Home Fries,2,Frary
10373282,Dirty Rice,2,Frary
10366956,Mac and Cheese,5,McConnel
10364611,Gluten Free Oatmeal,3,Frary
10363821,Gluten Free Oatmeal,5,Frank
10369668,Succotash,5,McConnel
10375266,Chicken and Waffles,5,Frary
10379437,Beef Ravioli,4,Oldenborg
10376409,Beyond Breakfast Sausage,2,Malott
10368653,Cinnamon French Toast,1,Malott
10373454,Hash Browns,5,McConnel
10360601,Buttermilk Pancakes,5,Malott
10367886,New England Clam Chowder,3,Frary
10364532,Home Fries,2,Frary
10364074,Lemon Parmesan Asparagus,2,Collins
10370111,French Fries,1,Hoch
10370486,Home Fries,4,McConnel
10360122,Cottage Cheese,4,Collins
10377222,Fried Fishless Filets,2,Malott
10364531,Mushroom Swiss Scramble,1,Frary
10376190,Poke Bowl,4,Frank
10360254,French Fries,3,Frank
10374118,Crab Cake,2,Malott
10365896,Buttermilk Pancakes,4,Frank
10379210,Cottage Cheese,5,Frank
10361677,Home Fries,2,Frary
10364590,Cottage Cheese,4,Frary
10373923,Pepperoni Pizza,3,Collins
10367244,Pepperoni Pizza,3,Oldenborg
10376933,Fried Fishless Filets,3,Hoch
10376859,Cheese Pizza,2,Frank
10373403,Greek Yogurt,1,McConnel
10365472,Bacon Western Cheeseburger Pizza,2,Hoch
10362324,Impossible Beef Soft Tacos,5,Hoch
10367297,Cheese Pizza,3,McConnel
10364924,Mushroom Swiss Scramble,2,Collins
10374264,Beyond Breakfast Sausage,4,Frary
10370336,Avocado Toast with Fried Egg,4,Collins
10366414,Poke Bowl,4,Hoch
10362447,Dirty Rice,3,Collins
10367012,Scrambled Whole Eggs,2,Oldenborg
10372510,Philly Cheesesteak,3,McConnel
10373043,French Fries,3,Collins
10370725,Cottage Cheese,4,Frary
10369895,Sauteed Kale,5,Malott
10366890,Avocado Toast with Fried Egg,1,Frary
10362511,Grilled Halal Chicken Breasts,4,Frank
10368995,Philly Cheesesteak,2,Collins
10364808,Fried Fishless Filets,1,Collins
10361948,Beef Ravioli,4,Hoch
10378945,Gluten Free Oatmeal,1,Collins
10372810,Tater Tots,2,Frary
10361319,Italian Roast Beef,1,Frank
10374868,Avocado Toast with Fried Egg,3,Malott
10366837,Cheese Pizza,5,Hoch
10370737,Beyond Breakfast Sausage,2,Frank
10379881,Philly Cheesesteak,5,Oldenborg
10375205,New England Clam Chowder,3,Frary
10368382,BBQ Pulled Chicken Sandwich,1,Collins
10367896,Cheese Pizza,2,Oldenborg
10368539,Chicken and Waffles,1,Frary
10368150,Banana Split Pancakes,4,Hoch
10367589,Dirty Rice,4,Malott
10360996,Grilled Halal Chicken Breasts,5,Malott
10369483,BBQ Pulled Chicken Sandwich,1,McConnel
10365571,Lemon Parmesan Asparagus,5,Oldenborg
10368657,Simple Vegan Breakfast hash,1,Oldenborg
10369493,Home Fries,1,Malott
10362434,Beyond Breakfast Sausage,2,Malott
10376971,Hash Browns,4,Frary
10378145,Beef Ravioli,5,Frank
10372790,Dirty Rice,1,Malott
10379332,Bacon Western Cheeseburger Pizza,2,Collins
10368023,Philly Cheesesteak,2,McConnel
10377284,Mushroom Swiss Scramble,1,Frary
10374187,Beef Ravioli,4,Hoch
10372995,Pepperoni Pizza,3,Frary
10375567,Scrambled Whole Eggs,2,Oldenborg
10375191,Succotash,5,Collins
10378345,Gluten Free Oatmeal,3,Oldenborg
10360089,Beef Ravioli,5,Collins
10363616,Simple Vegan Breakfast hash,2,Oldenborg
10364899,Roasted Cajun Salmon,5,Collins
10365279,Banana Split Pancakes,4,McConnel
10366918,Roasted Cajun Salmon,3,Malott
10365173,Pepperoni Pizza,5,Collins
10366709,Dulce De Leche Oreo Bar,5,Collins
10372928,Sauteed Kale,1,Oldenborg
10377434,Dirty Rice,2,Collins
10375402,Philly Cheesesteak,2,Collins
10360916,Banana Split Pancakes,1,Collins
10371383,Mushroom Swiss Scramble,2,Hoch
10363296,Pepperoni Pizza,4,Frary
10379373,Gluten Free Oatmeal,4,Oldenborg
10368329,Italian Roast Beef,2,Frank
10363012,Banana Split Pancakes,1,Frary
10365399,Sauteed Kale,2,Oldenborg
10361523,Italian Roast Beef,4,Frary
10377120,Scrambled Whole Eggs,1,Collins
10371439,Buttermilk Pancakes,5,Frary
10368096,Roasted Cajun Salmon,2,Malott
10370101,Tater Tots,2,Malott
10365681,Cheese Pizza,2,Frank
10368196,Cheese Pizza,3,Collins
10377045,New England Clam Chowder,2,Frank
10362291,Impossible Beef Soft Tacos,4,Hoch
10361849,Avocado Toast with Fried Egg,5,Frary
10379298,Mushroom Swiss Scramble,3,McConnel
10363729,Banana Split Pancakes,3,Oldenborg
10369681,Grilled Halal Chicken Breasts,1,Oldenborg
10374866,Beyond Breakfast Sausage,5,Malott
10361844,Gluten Free Oatmeal,2,Malott
10366967,Pepperoni Pizza,1,Oldenborg
10377920,Succotash,2,Frank
10374011,Hard Boiled Eggs,5,Frary
10363562,Sausage Chedar Scramble,4,Frary
10367237,Dirty Rice,2,Hoch
10365142,Mac and Cheese,1,Hoch
10372163,Hash Browns,2,Frank
10375271,Hard Boiled Eggs,4,Malott
10368454,Bacon Western Cheeseburger Pizza,5,Oldenborg
10374294,Poke Bowl,1,Hoch
10365496,Philly Cheesesteak,1,Malott
10374180,Hard Boiled Eggs,5,Frary
10375090,Italian Roast Beef,5,Malott
10361233,Tater Tots,5,Oldenborg
10374161,BBQ Pulled Chicken Sandwich,3,Frank
10365149,Beef Ravioli,2,Oldenborg
10363001,Sausage Chedar Scramble,5,Collins
10376399,Lemon Parmesan Asparagus,1,Collins
10362496,Mac and Cheese,2,Hoch
10376272,Home Fries,1,McConnel
10378499,Chili Stuffed Sweet Potato,1,Collins
10379937,Poke Bowl,4,Malott
10379157,French Fries,3,Oldenborg
10372789,Roasted Cajun Salmon,1,Oldenborg
10362669,Roasted Cajun Salmon,3,Frank
10378668,Beyond Breakfast Sausage,3,Malott
10370020,Impossible Beef Soft Tacos,5,Malott
10376025,Succotash,2,Frary
10377936,Cinnamon French Toast,2,Hoch
10378233,Hard Boiled Eggs,5,Frank
10361855,Hard Boiled Eggs,5,McConnel
10364075,French Fries,3,Malott
10376560,Scrambled Eggs Whites,5,Frank
10370878,Cheese Pizza,5,Oldenborg
10366830,Succotash,4,Malott
10360694,Home Fries,5,Oldenborg
10363912,Beef Ravioli,4,Frary
10372260,Philly Cheesesteak,5,Frank
10374961,Sauteed Kale,4,Collins
10370509,Cottage Cheese,3,Oldenborg
10373447,Cheese Pizza,2,Malott
10365391,Simple Vegan Breakfast hash,3,Frary
10367921,Dirty Rice,5,Collins
10379121,Scrambled Whole Eggs,4,McConnel
10372817,Fried Fishless Filets,5,Malott
10377519,Chicken and Waffles,2,McConnel
10364135,Dulce De Leche Oreo Bar,5,McConnel
10368506,Cottage Cheese,2,Collins
10361463,Avocado Toast with Fried Egg,1,Oldenborg
10365690,Cottage Cheese,3,Frary
10376782,Mushroom Swiss Scramble,2,Oldenborg
10370381,Poke Bowl,2,Collins
10365381,Buttermilk Pancakes,4,Frary
10364842,Mushroom Swiss Scramble,3,Frary
10360687,Poke Bowl,1,Collins
10372305,Fried Fishless Filets,3,Frank
10370916,New England Clam Chowder,2,Collins
10373670,Tater Tots,3,Malott
10362405,Cottage Cheese,2,Frary
10374854,Crab Cake,4,Collins
10378578,Mushroom Swiss Scramble,1,Frank
10370353,Greek Yogurt,1,Frank
10375059,Roasted Cajun Salmon,4,Hoch
10360550,Gluten Free Oatmeal,2,Hoch
10368500,Simple Vegan Breakfast hash,3,Frary
10367131,Bacon Western Cheeseburger Pizza,2,Hoch
10368201,Chicken and Waffles,4,Frank
10367658,Scrambled Eggs Whites,1,Oldenborg
10362332,Impossible Beef Soft Tacos,5,Hoch
10362107,Chicken and Waffles,1,Frank
10368913,Beef Ravioli,3,Frary
10362659,Gluten Free Oatmeal,3,Collins
10365613,Sauteed Kale,5,Frank
10360148,Tater Tots,2,Malott
10364926,Cheese Pizza,5,Hoch
10373316,French Fries,4,Frary
10368210,Home Fries,1,Malott
10369902,Dirty Rice,3,Frary
10375591,Hard Boiled Eggs,4,Malott
10379544,Mushroom Swiss Scramble,5,Oldenborg
10363043,Cinnamon French Toast,2,Malott
10360248,Roasted Cajun Salmon,2,McConnel
10378961,Dulce De Leche Oreo Bar,1,Frank
10360027,Home Fries,4,Frary
10369198,Hard Boiled Eggs,3,Collins
10375279,Sauteed Kale,2,Malott
10360312,Mushroom Swiss Scramble,2,Frank
10373162,Grilled Halal Chicken Breasts,2,Oldenborg
10363470,Scrambled Whole Eggs,3,Hoch
10366289,Italian Roast Beef,4,Collins
10363750,Hard Boiled Eggs,3,Oldenborg
10378182,Lemon Parmesan Asparagus,2,Frary
10370316,Scrambled Eggs Whites,5,Oldenborg
10368392,Avocado Toast with Fried Egg,5,Collins
10361581,Sausage Chedar Scramble,2,Malott
10363048,Banana Split Pancakes,4,Hoch
10365671,Pepperoni Pizza,1,Malott
10365748,Beyond Breakfast Sausage,5,Frary
10374707,New England Clam Chowder,5,Hoch
10369107,French Fries,5,McConnel
10367200,Simple Vegan Breakfast hash,2,Frary
10379179,Italian Roast Beef,3,Frank
10360705,Poke Bowl,5,Frank
10360206,Hash Browns,5,Frary
10370558,Cinnamon French Toast,3,Hoch
10369397,Roasted Cajun Salmon,3,Frank
10379820,Crab Cake,2,Frank
10361717,Poke Bowl,2,Malott
10373523,Simple Vegan Breakfast hash,3,Hoch
10361631,Cheese Pizza,5,Collins
10375038,Buttermilk Pancakes,2,Malott
10378930,Mushroom Swiss Scramble,3,Malott
10367192,Buttermilk Pancakes,4,Malott
10372874,Buttermilk Pancakes,4,Frary
10378068,Beyond Breakfast Sausage,3,Collins
10363306,French Fries,4,Collins
10370487,Scrambled Whole Eggs,2,Collins
10368520,Banana Split Pancakes,4,Malott
10365273,Dirty Rice,5,Oldenborg
10363250,Scrambled Whole Eggs,5,Malott
10368390,Poke Bowl,5,Malott
10370009,Impossible Beef Soft Tacos,3,McConnel
10361524,Hash Browns,4,Frank
10366217,Scrambled Eggs Whites,1,Frary
10378431,Sausage Chedar Scramble,5,Malott
10370379,Simple Vegan Breakfast hash,3,Collins
10367531,Impossible Beef Soft Tacos,4,Malott
10377155,Italian Roast Beef,5,Collins
10368243,Cottage Cheese,4,Oldenborg
10361831,Banana Split Pancakes,3,Frank
10369124,Lemon Parmesan Asparagus,1,Frary
10365244,Cinnamon French Toast,1,McConnel
10374553,Buttermilk Pancakes,4,Hoch
10368775,Scrambled Whole Eggs,4,Collins
10366634,Home Fries,2,Oldenborg
10360917,Pepperoni Pizza,5,McConnel
10368220,Fried Fishless Filets,5,Malott
10362854,Cinnamon French Toast,1,Malott
10375377,French Fries,1,McConnel
10362204,Roasted Cajun Salmon,3,Malott
10371829,Grilled Halal Chicken Breasts,5,Collins
10372029,Simple Vegan Breakfast hash,1,Malott
10368282,Simple Vegan Breakfast hash,5,Hoch
10369571,Buttermilk Pancakes,3,Frary
10379031,Italian Roast Beef,2,Collins
10366144,Cottage Cheese,4,Hoch
10365060,Bacon Western Cheeseburger Pizza,1,Frary
10363277,Crab Cake,2,McConnel
10369978,Hard Boiled Eggs,2,McConnel
10361726,Cinnamon French Toast,3,Malott
10377762,Lemon Parmesan Asparagus,1,Frary
10362757,Philly Cheesesteak,5,McConnel
10379037,Dirty Rice,5,Hoch
10360822,Succotash,3,Oldenborg
10362117,Cheese Pizza,1,Oldenborg
10361395,Home Fries,1,McConnel
10373628,Sausage Chedar Scramble,1,Collins
10379718,Hard Boiled Eggs,3,Collins
10373666,Dirty Rice,2,Frary
10363144,Banana Split Pancakes,4,Collins
10366938,Gluten Free Oatmeal,2,Malott
10374563,French Fries,2,McConnel
10372224,French Fries,3,Collins
10365861,Mac and Cheese,5,Frary
10361360,Cheese Pizza,2,Malott
10362277,Beyond Breakfast Sausage,5,Collins
10360968,Beyond Breakfast Sausage,4,McConnel
10376592,Grilled Halal Chicken Breasts,3,Hoch
10363503,Home Fries,4,Hoch
10374428,Hard Boiled Eggs,4,Oldenborg
10370661,Roasted Cajun Salmon,5,Frary
10364702,Philly Cheesesteak,1,Frary
10371254,Buttermilk Pancakes,1,Collins
10377552,Dulce De Leche Oreo Bar,2,McConnel
10364167,Sauteed Kale,4,Hoch
10370952,Hash Browns,1,Hoch
10377153,French Fries,3,Collins
10368419,Scrambled Whole Eggs,2,Hoch
10363158,Scrambled Whole Eggs,4,Collins
10364190,Cheese Pizza,1,Oldenborg
10374871,Cinnamon French Toast,2,Malott
10365346,Chicken and Waffles,3,Hoch
10372881,Dulce De Leche Oreo Bar,4,Collins
10379712,Dirty Rice,3,McConnel
10378932,Succotash,5,Hoch
10366226,French Fries,1,McConnel
10372256,Roasted Cajun Salmon,3,Collins
10369537,New England Clam Chowder,2,McConnel
10367175,New England Clam Chowder,1,Hoch
10367248,Bacon Western Cheeseburger Pizza,1,Frary
10374121,Italian Roast Beef,2,Frank
10369671,Roasted Cajun Salmon,5,Oldenborg
10361280,Cinnamon French Toast,5,Hoch
10361413,Cheese Pizza,4,Frary
10366123,Sauteed Kale,1,Oldenborg
10375577,Scrambled Eggs Whites,3,Oldenborg
10373333,Dulce De Leche Oreo Bar,3,Oldenborg
10372426,Hard Boiled Eggs,2,McConnel
10376995,Dirty Rice,4,Collins
10375185,Home Fries,4,Malott
10375353,Lemon Parmesan Asparagus,3,Malott
10361771,Hard Boiled Eggs,5,Hoch
10366326,French Fries,1,Frary
10360778,Lemon Parmesan Asparagus,2,McConnel
10377605,Beyond Breakfast Sausage,5,Frank
10374704,Sausage Chedar Scramble,1,Frank
10365081,New England Clam Chowder,1,Frary
10376366,Sausage Chedar Scramble,5,Oldenborg
10364018,Lemon Parmesan Asparagus,5,Oldenborg
10375038,Pepperoni Pizza,5,Hoch
10373862,Lemon Parmesan Asparagus,1,Frank
10377847,Mushroom Swiss Scramble,4,Malott
10373308,Cheese Pizza,4,Malott
10368428,New England Clam Chowder,5,Frank
10373941,Lemon Parmesan Asparagus,4,Hoch
10361557,Mushroom Swiss Scramble,3,Hoch
10373967,Grilled Halal Chicken Breasts,4,Frary
10378617,Fried Fishless Filets,4,Hoch
10365323,Scrambled Eggs Whites,3,Frank
10371261,Avocado Toast with Fried Egg,5,Collins
10363217,Cinnamon French Toast,3,McConnel
10375925,Simple Vegan Breakfast hash,4,Frary
10370922,Buttermilk Pancakes,2,Hoch
10378599,New England Clam Chowder,3,Frary
10375775,Banana Split Pancakes,3,Frary
10373086,Avocado Toast with Fried Egg,2,Hoch
10374584,Home Fries,2,Malott
10378312,Simple Vegan Breakfast hash,5,Collins
10361347,BBQ Pulled Chicken Sandwich,1,Hoch
10379570,Sauteed Kale,3,Hoch
10365503,Italian Roast Beef,2,Oldenborg
10371753,Simple Vegan Breakfast hash,3,Oldenborg
10363402,Italian Roast Beef,5,Oldenborg
10374796,Hash Browns,4,Malott
10366470,Roasted Cajun Salmon,3,Malott
10371498,BBQ Pulled Chicken Sandwich,1,Oldenborg
10362369,Chicken and Waffles,4,Malott
10360095,French Fries,4,Hoch
10370368,Scrambled Whole Eggs,4,Oldenborg
10379960,Succotash,2,McConnel
10360647,Fried Fishless Filets,4,Hoch
10371693,Tater Tots,1,Frank
10367905,Beef Ravioli,5,Frank
10363130,Buttermilk Pancakes,2,Oldenborg
10365643,Mac and Cheese,3,Frank
10376105,Beef Ravioli,5,Hoch
10375216,Avocado Toast with Fried Egg,2,Frank
10378623,Dulce De Leche Oreo Bar,5,Frank
10366458,Bacon Western Cheeseburger Pizza,3,Collins
10377083,Chicken and Waffles,2,McConnel
10372746,Gluten Free Oatmeal,2,Hoch
10373519,Beyond Breakfast Sausage,5,Frank
10374380,Dulce De Leche Oreo Bar,5,Oldenborg
10371555,BBQ Pulled Chicken Sandwich,4,Frank
10373208,Home Fries,2,Malott
10366979,Crab Cake,2,McConnel
10370974,Sausage Chedar Scramble,4,Frank
10379442,Gluten Free Oatmeal,1,Frary
10372903,Hard Boiled Eggs,5,Frank
10377054,French Fries,4,Frary
10364498,Lemon Parmesan Asparagus,5,Collins
10361953,Mushroom Swiss Scramble,1,McConnel
10368973,Poke Bowl,3,Oldenborg
10371980,Dirty Rice,4,Oldenborg
10366013,Fried Fishless Filets,4,Oldenborg
10361025,Sausage Chedar Scramble,4,Malott
10379094,Buttermilk Pancakes,3,Frary
10378471,Avocado Toast with Fried Egg,4,Collins
10360136,Lemon Parmesan Asparagus,4,Hoch
10374588,Hash Browns,2,Hoch
10373962,New England Clam Chowder,1,McConnel
10370516,Home Fries,1,Hoch
10368976,Roasted Cajun Salmon,4,Frary
10368220,Cinnamon French Toast,4,Frary
10363132,Avocado Toast with Fried Egg,2,Malott
10373013,Italian Roast Beef,1,Hoch
10373935,Cheese Pizza,5,Hoch
10375991,Bacon Western Cheeseburger Pizza,4,Hoch
10372343,Chili Stuffed Sweet Potato,3,Hoch
10376626,Fried Fishless Filets,4,Malott
10361304,New England Clam Chowder,3,Collins
10365674,Hard Boiled Eggs,5,Malott
10378079,Cheese Pizza,2,Collins
10375720,French Fries,3,Frary
10366976,Avocado Toast with Fried Egg,3,Collins
10369386,Scrambled Eggs Whites,1,Oldenborg
10362959,Beyond Breakfast Sausage,1,Frank
10378047,Scrambled Eggs Whites,1,McConnel
10376190,Impossible Beef Soft Tacos,2,Frary
10365187,Mac and Cheese,4,Malott
10379822,Scrambled Eggs Whites,5,Frank
10377578,Succotash,1,Frank
10375990,Home Fries,3,Frank
10373890,BBQ Pulled Chicken Sandwich,1,Hoch
10365955,Dulce De Leche Oreo Bar,2,Frank
10378080,Philly Cheesesteak,1,Frank
10368704,Simple Vegan Breakfast hash,2,Frank
10376121,Italian Roast Beef,5,Malott
10362806,Sausage Chedar Scramble,5,Malott
10370789,Lemon Parmesan Asparagus,5,Frank
10368581,Crab Cake,1,Hoch
10362856,New England Clam Chowder,2,Oldenborg
10370520,Mac and Cheese,2,Collins
10373001,Lemon Parmesan Asparagus,4,Oldenborg
10362831,Philly Cheesesteak,4,Oldenborg
10374889,Sausage Chedar Scramble,2,Malott
10363512,BBQ Pulled Chicken Sandwich,5,Frary
10378349,Beyond Breakfast Sausage,4,Malott
10373803,Succotash,3,Oldenborg
10364250,Chicken and Waffles,1,Collins
10367890,Lemon Parmesan Asparagus,1,Frary
10368676,Roasted Cajun Salmon,2,Frank
10360296,Crab Cake,4,Frank
10365561,Avocado Toast with Fried Egg,2,Collins
10363973,Dulce De Leche Oreo Bar,3,Hoch
10364809,Simple Vegan Breakfast hash,1,Malott
10373954,Crab Cake,1,Frank
10373656,Beyond Breakfast Sausage,1,Frank
10374396,New England Clam Chowder,2,Frary
10366246,Home Fries,1,McConnel
10364511,Chili Stuffed Sweet Potato,3,Collins
10371799,Sausage Chedar Scramble,1,Frary
10376755,Mac and Cheese,4,Frary
10378546,Hash Browns,5,McConnel
10372600,Sauteed Kale,4,Collins
10367886,Italian Roast Beef,2,McConnel
10372219,Cottage Cheese,4,Hoch
10363032,Bacon Western Cheeseburger Pizza,2,Collins
10374273,Beyond Breakfast Sausage,4,Hoch
10364585,Sauteed Kale,5,Frary
10369524,Scrambled Whole Eggs,3,Oldenborg
10365630,New England Clam Chowder,3,Collins
10363255,Chili Stuffed Sweet Potato,3,McConnel
10371844,Avocado Toast with Fried Egg,2,Malott
10362134,Gluten Free Oatmeal,5,Malott
10379564,Cottage Cheese,5,Oldenborg
10368146,Succotash,5,Frary
10372977,Cheese Pizza,4,Frank
10370021,Beef Ravioli,5,Collins
10379602,Succotash,5,Frank
10367144,Italian Roast Beef,5,McConnel
10376491,Cottage Cheese,5,McConnel
10377443,Greek Yogurt,5,McConnel
10374211,Gluten Free Oatmeal,5,Frank
10365877,Tater Tots,1,Malott
10360363,Cheese Pizza,2,Collins
10373669,Impossible Beef Soft Tacos,2,Hoch
10368033,Mushroom Swiss Scramble,5,Hoch
10366817,Cottage Cheese,1,Hoch
10362382,Fried Fishless Filets,5,Collins
10365422,Sauteed Kale,4,McConnel
10378716,Tater Tots,4,Frary
10376075,BBQ Pulled Chicken Sandwich,1,Malott
10363009,Beyond Breakfast Sausage,3,Oldenborg
10373206,Home Fries,2,Hoch
10378924,Poke Bowl,3,Oldenborg
10369303,Scrambled Whole Eggs,2,Collins
10362499,Hard Boiled Eggs,2,Hoch
10370511,Beyond Breakfast Sausage,1,Oldenborg
10362342,Roasted Cajun Salmon,2,Oldenborg
10375446,Cinnamon French Toast,4,Collins
10364340,Beyond Breakfast Sausage,3,Hoch
10370799,Roasted Cajun Salmon,5,McConnel
10360656,Fried Fishless Filets,2,Frary
10366364,Hard Boiled Eggs,2,Frary
10364681,Philly Cheesesteak,3,Malott
10376724,BBQ Pulled Chicken Sandwich,2,Oldenborg
10368836,Dirty Rice,2,McConnel
10378616,Tater Tots,1,Collins
10362969,Cinnamon French Toast,4,McConnel
10371133,Hard Boiled Eggs,4,Malott
10361490,Philly Cheesesteak,4,Hoch
10364292,Pepperoni Pizza,4,Hoch
10360899,Italian Roast Beef,2,Collins
10371220,Tater Tots,2,Frary
10376200,Buttermilk Pancakes,4,Frank
10377829,BBQ Pulled Chicken Sandwich,2,Malott
10369652,Succotash,4,McConnel
10364250,Tater Tots,1,Malott
10364606,Chili Stuffed Sweet Potato,3,Oldenborg
10370280,Avocado Toast with Fried Egg,1,Malott
10375336,Hard Boiled Eggs,3,Oldenborg
10374172,Sausage Chedar Scramble,2,Hoch
10377585,Dulce De Leche Oreo Bar,1,Hoch
10367428,Hard Boiled Eggs,5,Frank
10363552,Beef Ravioli,1,Collins
10367459,New England Clam Chowder,2,Oldenborg
10366887,Sauteed Kale,2,Frary
10362037,Dulce De Leche Oreo Bar,5,Frank
10361934,Dulce De Leche Oreo Bar,1,Frary
10373629,Buttermilk Pancakes,1,Frank
10379733,New England Clam Chowder,2,McConnel
10377414,Sausage Chedar Scramble,4,Oldenborg
10360229,Grilled Halal Chicken Breasts,1,Frank
10367328,Avocado Toast with Fried Egg,2,McConnel
10360416,Buttermilk Pancakes,4,Collins
10374298,Simple Vegan Breakfast hash,5,Hoch
10367093,Philly Cheesesteak,4,Frank
10376034,Gluten Free Oatmeal,3,Collins
10368447,Gluten Free Oatmeal,3,Malott
10371673,Lemon Parmesan Asparagus,2,Frary
10373824,Tater Tots,3,Hoch
10376450,Cottage Cheese,4,Hoch
10362558,Pepperoni Pizza,1,Frank
10361170,Hash Browns,1,Collins
10371590,Beyond Breakfast Sausage,1,Oldenborg
10371476,Impossible Beef Soft Tacos,3,Frary
10362373,Mac and Cheese,5,McConnel
10361813,Buttermilk Pancakes,4,Frank
10365315,Avocado Toast with Fried Egg,5,Malott
10372035,Poke Bowl,4,Hoch
10363547,Pepperoni Pizza,3,McConnel
10370622,Lemon Parmesan Asparagus,4,McConnel
10369862,Chicken and Waffles,4,Oldenborg
10367210,Sausage Chedar Scramble,1,Hoch
10366709,Hash Browns,1,Oldenborg
10366856,Cinnamon French Toast,1,Frary
10363757,Avocado Toast with Fried Egg,1,McConnel
10376765,Impossible Beef Soft Tacos,2,Frary
10369523,Mac and Cheese,1,Frary
10375360,Lemon Parmesan Asparagus,1,Oldenborg
10374669,Hard Boiled Eggs,5,Frank
10369707,Sauteed Kale,2,Hoch
10373692,Sausage Chedar Scramble,2,Malott
10361398,Tater Tots,3,McConnel
10373588,Italian Roast Beef,4,Hoch
10364337,Pepperoni Pizza,5,Malott
10367482,Bacon Western Cheeseburger Pizza,1,Oldenborg
10372583,Beef Ravioli,3,Hoch
10372961,Hash Browns,4,Collins
10377643,Impossible Beef Soft Tacos,4,McConnel
10368220,Bacon Western Cheeseburger Pizza,2,Hoch
10379413,Lemon Parmesan Asparagus,5,Frank
10368379,Fried Fishless Filets,2,Oldenborg
10361651,French Fries,5,Oldenborg
10371678,Mushroom Swiss Scramble,1,Frank
10371301,Scrambled Whole Eggs,4,McConnel
10372412,Fried Fishless Filets,5,Frary
10374074,Beyond Breakfast Sausage,4,Hoch
10375394,Scrambled Eggs Whites,3,Frank
10362268,Banana Split Pancakes,3,Collins
10367212,New England Clam Chowder,5,Oldenborg
10378960,Chili Stuffed Sweet Potato,5,Malott
10378476,Lemon Parmesan Asparagus,5,Collins
10364485,Roasted Cajun Salmon,2,McConnel
10374998,French Fries,3,McConnel
10376894,Chicken and Waffles,3,Frary
10374870,Cottage Cheese,2,Hoch
10363818,Scrambled Eggs Whites,3,Oldenborg
10372523,Scrambled Eggs Whites,3,McConnel
10367054,Simple Vegan Breakfast hash,1,Frary
10370547,Crab Cake,3,Malott
10365417,Bacon Western Cheeseburger Pizza,3,Malott
10372325,Sauteed Kale,2,Malott
10373059,Cottage Cheese,5,Malott
10367574,Scrambled Whole Eggs,3,Malott
10364714,Beef Ravioli,5,Oldenborg
10371687,Greek Yogurt,1,Oldenborg
10371863,Scrambled Whole Eggs,4,McConnel
10371263,Cheese Pizza,3,Frary
10361352,Beyond Breakfast Sausage,4,McConnel
10368201,Chili Stuffed Sweet Potato,4,Oldenborg
10371559,Cinnamon French Toast,2,Frank
10379503,Beef Ravioli,4,McConnel
10368908,Chicken and Waffles,4,Hoch
10377202,Poke Bowl,5,Frank
10375453,Tater Tots,1,Frank
10362785,Pepperoni Pizza,1,Frank
10360879,French Fries,3,Frary
10368128,Roasted Cajun Salmon,1,Malott
10377573,Scrambled Whole Eggs,4,Malott
10367878,Hard Boiled Eggs,1,Frank
10371641,Banana Split Pancakes,3,Collins
10373776,Pepperoni Pizza,4,Hoch
10369749,Italian Roast Beef,1,Frank
10366482,Home Fries,2,Oldenborg
10374024,Greek Yogurt,4,Oldenborg
10375909,Sausage Chedar Scramble,4,Frank
10370475,Gluten Free Oatmeal,1,Hoch
10362511,Crab Cake,3,Frary
10364481,Sauteed Kale,2,Frary
10370953,Beyond Breakfast Sausage,1,McConnel
10361932,Bacon Western Cheeseburger Pizza,2,Hoch
10374485,Italian Roast Beef,5,Hoch
10362706,Philly Cheesesteak,5,Frary
10379827,Beyond Breakfast Sausage,3,McConnel
10369031,Impossible Beef Soft Tacos,2,Hoch
10364391,Italian Roast Beef,4,Collins
10377809,Sauteed Kale,2,Frank
10373966,Poke Bowl,5,Frary
10362921,Cheese Pizza,4,McConnel
10363307,Italian Roast Beef,5,Oldenborg
10367286,Chili Stuffed Sweet Potato,4,Collins
10373003,Cinnamon French Toast,4,Malott
10373160,Pepperoni Pizza,1,McConnel
10366577,Chicken and Waffles,2,Hoch
10379897,Dulce De Leche Oreo Bar,5,Collins
10377943,Banana Split Pancakes,1,Frank
10376147,Cheese Pizza,4,Oldenborg
10368365,Lemon Parmesan Asparagus,2,Frank
10360963,Hard Boiled Eggs,2,Malott
10374272,Sausage Chedar Scramble,3,Hoch
10361332,Sausage Chedar Scramble,3,Frank
10371283,French Fries,2,Frary
10362194,New England Clam Chowder,2,Frank
10366852,Italian Roast Beef,3,Oldenborg
10367396,Home Fries,1,Oldenborg
10369495,Chicken and Waffles,2,Frank
10365196,Pepperoni Pizza,3,Collins
10379713,Cheese Pizza,1,Oldenborg
10372106,Chicken and Waffles,4,Hoch
10378005,Dirty Rice,2,Collins
10368619,Chicken and Waffles,3,Hoch
10367911,Mac and Cheese,5,Frary
10378022,French Fries,3,Collins
10375608,Mac and Cheese,2,Frank
10374838,Roasted Cajun Salmon,5,McConnel
10367193,Buttermilk Pancakes,4,Collins
10369821,Scrambled Whole Eggs,3,Oldenborg
10362151,Grilled Halal Chicken Breasts,3,Malott
10370464,Banana Split Pancakes,5,Hoch
10375170,Succotash,1,Malott
10363798,Home Fries,2,Collins
10377563,Grilled Halal Chicken Breasts,3,Hoch
10370444,Sauteed Kale,5,McConnel
10371808,Mushroom Swiss Scramble,3,Oldenborg
10377508,Roasted Cajun Salmon,1,Oldenborg
10373222,Pepperoni Pizza,4,Oldenborg
10367832,Succotash,2,Frary
10374371,Sausage Chedar Scramble,1,Hoch
10366976,Crab Cake,5,Collins
10377104,Fried Fishless Filets,3,McConnel
10360915,Succotash,3,Hoch
10361616,Chicken and Waffles,4,Oldenborg
10371958,Sausage Chedar Scramble,4,Frank
10366493,New England Clam Chowder,5,Frary
10377258,Fried Fishless Filets,2,McConnel
10377838,Bacon Western Cheeseburger Pizza,1,Frary
10370780,New England Clam Chowder,3,Oldenborg
10369121,Poke Bowl,5,Frary
10371219,Cheese Pizza,4,Hoch
10366256,Hard Boiled Eggs,5,Hoch
10374626,BBQ Pulled Chicken Sandwich,1,Hoch
10360156,Dirty Rice,3,Hoch
10366574,Chicken and Waffles,4,Frary
10361893,French Fries,3,Frary
10365746,Roasted Cajun Salmon,2,Frary
10373619,New England Clam Chowder,5,Collins
10372532,Philly Cheesesteak,1,Frank
10375859,Buttermilk Pancakes,3,Collins
10370108,Hash Browns,1,Frary
10371295,Chicken and Waffles,3,Collins
10372800,Italian Roast Beef,5,Oldenborg
10364349,Avocado Toast with Fried Egg,5,McConnel
10375779,Scrambled Eggs Whites,1,Collins
10372716,Pepperoni Pizza,3,Frank
10376180,Beyond Breakfast Sausage,5,Collins
10377538,Greek Yogurt,2,Hoch
10365047,Sauteed Kale,3,Malott
10365905,Scrambled Eggs Whites,5,McConnel
10364364,Succotash,4,Hoch
10362079,Avocado Toast with Fried Egg,5,McConnel
10363998,French Fries,3,Frary
10369797,Fried Fishless Filets,1,Frank
10376298,Buttermilk Pancakes,4,McConnel
10361851,Banana Split Pancakes,1,McConnel
10375651,Bacon Western Cheeseburger Pizza,5,Malott
10373441,Simple Vegan Breakfast hash,4,Frary
10368877,Sausage Chedar Scramble,3,Frank
10375340,Italian Roast Beef,4,Frary
10372000,BBQ Pulled Chicken Sandwich,4,Collins
10375148,Grilled Halal Chicken Breasts,1,Frank
10371468,Italian Roast Beef,1,Collins
10367608,French Fries,1,Frank
10377533,Fried Fishless Filets,2,Malott
10360835,Banana Split Pancakes,1,Frank
10360222,Mushroom Swiss Scramble,3,McConnel
10363798,Cheese Pizza,1,McConnel
10371005,Tater Tots,5,McConnel
10365343,Mushroom Swiss Scramble,4,Malott
10366015,Simple Vegan Breakfast hash,2,McConnel
10365675,Grilled Halal Chicken Breasts,1,Malott
10368655,Sauteed Kale,3,McConnel
10373869,Lemon Parmesan Asparagus,5,Frary
10368837,Banana Split Pancakes,1,Frary
10379623,Mac and Cheese,3,McConnel
10365839,Scrambled Whole Eggs,4,Oldenborg
10362748,Tater Tots,5,Hoch
10363949,Cheese Pizza,2,Frank
10361476,BBQ Pulled Chicken Sandwich,2,Frank
10375159,Cottage Cheese,3,Oldenborg
10375965,Hard Boiled Eggs,1,Collins
10364123,Simple Vegan Breakfast hash,2,Oldenborg
10363766,French Fries,2,Collins
10367103,Fried Fishless Filets,5,McConnel
10370730,Home Fries,4,Frary
10371838,Hash Browns,1,Frary
10367907,Dirty Rice,5,Hoch
10377323,Hash Browns,4,Collins
10374854,Hash Browns,2,Frank
10360392,Beyond Breakfast Sausage,5,Frank
10374537,Chili Stuffed Sweet Potato,2,Hoch
10370208,Crab Cake,2,Oldenborg
10373676,New England Clam Chowder,4,Malott
10376597,Dirty Rice,5,Malott
10371602,Crab Cake,5,Malott
10362217,Bacon Western Cheeseburger Pizza,3,Oldenborg
10364168,Hash Browns,1,Frary
10374902,Simple Vegan Breakfast hash,4,Oldenborg
10364576,Cinnamon French Toast,2,Oldenborg
10367067,Greek Yogurt,4,Oldenborg
10361580,Gluten Free Oatmeal,5,McConnel
10376242,Greek Yogurt,3,McConnel
10373032,Home Fries,5,Oldenborg
10363991,Sauteed Kale,3,Frank
10362220,Beef Ravioli,4,Hoch
10361267,New England Clam Chowder,1,Oldenborg
10375743,Cinnamon French Toast,1,Frary
10366982,Philly Cheesesteak,2,McConnel
10360854,Pepperoni Pizza,3,Frank
10372568,Pepperoni Pizza,2,McConnel
10362460,Dulce De Leche Oreo Bar,4,McConnel
10379275,New England Clam Chowder,5,Malott
10371755,BBQ Pulled Chicken Sandwich,5,Oldenborg
10377499,Hash Browns,3,Malott
10375255,Bacon Western Cheeseburger Pizza,4,Collins
10378471,Grilled Halal Chicken Breasts,4,Malott
10375869,Greek Yogurt,4,Frank
10374002,Banana Split Pancakes,3,Collins
10369943,Buttermilk Pancakes,5,Oldenborg
10374648,Poke Bowl,1,Frank
10366986,Sauteed Kale,2,Malott
10375592,Home Fries,2,Hoch
10379262,Beef Ravioli,5,Frary
10361351,Lemon Parmesan Asparagus,1,Hoch
10378379,Banana Split Pancakes,3,Malott
10362443,Dulce De Leche Oreo Bar,5,Hoch
10362975,Sausage Chedar Scramble,3,Frank
10374032,Lemon Parmesan Asparagus,3,Frank
10379216,Sausage Chedar Scramble,2,Hoch
10370241,Gluten Free Oatmeal,3,Hoch
10367140,Sausage Chedar Scramble,1,Malott
10369994,Home Fries,1,Frank
10379201,Buttermilk Pancakes,1,Hoch
10379600,Sauteed Kale,1,Frank
10371941,Impossible Beef Soft Tacos,1,McConnel
10364581,Succotash,1,Malott
10365033,Avocado Toast with Fried Egg,2,Frank
10376747,New England Clam Chowder,5,Frank
10371216,Bacon Western Cheeseburger Pizza,4,Hoch
10363374,Dulce De Leche Oreo Bar,4,Collins
10374403,Dirty Rice,4,Frank
10372024,Lemon Parmesan Asparagus,3,Malott
10365449,Beyond Breakfast Sausage,5,McConnel
10371767,Poke Bowl,1,Frary
10368823,Lemon Parmesan Asparagus,2,Malott
10368602,Roasted Cajun Salmon,4,Collins
10364295,Hard Boiled Eggs,5,Oldenborg
10368366,Bacon Western Cheeseburger Pizza,1,Oldenborg
10366352,Beyond Breakfast Sausage,1,Collins
10368998,New England Clam Chowder,3,Frary
10364885,Avocado Toast with Fried Egg,5,Oldenborg
10364140,Impossible Beef Soft Tacos,2,Frary
10364084,Succotash,3,Frary
10375631,BBQ Pulled Chicken Sandwich,5,Malott
10378722,Cinnamon French Toast,2,McConnel
10370895,New England Clam Chowder,1,Frary
10367049,Lemon Parmesan Asparagus,5,Frary
10377539,Impossible Beef Soft Tacos,3,Malott
10369187,Fried Fishless Filets,3,Oldenborg
10378094,Avocado Toast with Fried Egg,3,Collins
10370043,Cinnamon French Toast,3,McConnel
10377970,Tater Tots,1,Frary
10373740,Grilled Halal Chicken Breasts,4,Oldenborg
10370576,Impossible Beef Soft Tacos,5,Oldenborg
10370905,New England Clam Chowder,5,Frary
10377398,Dulce De Leche Oreo Bar,1,Frank
10366771,Bacon Western Cheeseburger Pizza,4,Hoch
10374097,Tater Tots,2,Malott
10376566,Grilled Halal Chicken Breasts,2,Hoch
10361425,Chili Stuffed Sweet Potato,2,Frary
10370665,Succotash,2,Oldenborg
10379895,Fried Fishless Filets,2,Frank
10373834,Fried Fishless Filets,4,Frary
10378332,Hard Boiled Eggs,1,Oldenborg
10375043,Poke Bowl,4,Frary
10360806,Home Fries,3,Collins
10360780,Simple Vegan Breakfast hash,1,Frank
10362675,Crab Cake,3,Frank
10379484,Sausage Chedar Scramble,2,Frank
10366096,Chicken and Waffles,2,Collins
10370314,Cheese Pizza,1,Frank
10372956,Dirty Rice,4,McConnel
10368607,Dulce De Leche Oreo Bar,2,Oldenborg
10378811,Home Fries,3,McConnel
10378694,Home Fries,4,Frary
10367283,Banana Split Pancakes,5,Frank
10374290,Beyond Breakfast Sausage,5,McConnel
10365814,Dulce De Leche Oreo Bar,1,McConnel
10365559,Succotash,1,Frank
10367741,Buttermilk Pancakes,1,McConnel
10369293,Avocado Toast with Fried Egg,3,Frary
10374341,French Fries,3,Hoch
10373130,Crab Cake,4,Collins
10363189,Avocado Toast with Fried Egg,3,Frary
10376514,BBQ Pulled Chicken Sandwich,5,McConnel
10377420,Italian Roast Beef,3,Malott
10367874,Scrambled Eggs Whites,3,Frank
10374452,Hard Boiled Eggs,3,McConnel
10376474,French Fries,2,McConnel
10369315,Dulce De Leche Oreo Bar,1,Oldenborg
10364167,Hard Boiled Eggs,4,Hoch
10377041,Tater Tots,5,Frank
10366008,Beyond Breakfast Sausage,1,McConnel
10379218,Fried Fishless Filets,3,Collins
10375063,Avocado Toast with Fried Egg,3,McConnel
10373301,Poke Bowl,5,Oldenborg
10373810,Mac and Cheese,2,Oldenborg
10363006,BBQ Pulled Chicken Sandwich,1,Frank
10366303,Mac and Cheese,5,Oldenborg
10363252,Sauteed Kale,5,Frank
10372580,Beyond Breakfast Sausage,5,Frary
10366601,Home Fries,3,McConnel
10363449,Cinnamon French Toast,1,Frary
10371468,Poke Bowl,5,Oldenborg
10375609,Tater Tots,4,Collins
10366884,French Fries,3,Malott
10377431,Gluten Free Oatmeal,5,Collins
10365923,Simple Vegan Breakfast hash,4,Collins
10377054,Scrambled Eggs Whites,5,Oldenborg
10379292,Hard Boiled Eggs,1,McConnel
10361548,Fried Fishless Filets,5,Frank
10370963,Poke Bowl,2,Frary
10364196,Scrambled Eggs Whites,3,Oldenborg
10368981,Cinnamon French Toast,2,Collins
10365107,Dulce De Leche Oreo Bar,2,Hoch
10364777,Fried Fishless Filets,4,Frary
10365596,Mac and Cheese,1,McConnel
10371184,Scrambled Eggs Whites,5,Frary
10375922,Pepperoni Pizza,2,McConnel
10364640,Bacon Western Cheeseburger Pizza,2,McConnel
10364056,Cottage Cheese,2,Frank
10370938,Beef Ravioli,5,Oldenborg
10370306,Scrambled Eggs Whites,4,McConnel
10370180,French Fries,4,Frank
10361885,Cinnamon French Toast,5,Frary
10363057,Buttermilk Pancakes,4,McConnel
10362376,Chicken and Waffles,2,Collins
10370486,Banana Split Pancakes,2,Oldenborg
10363598,Grilled Halal Chicken Breasts,3,Malott
10362748,Avocado Toast with Fried Egg,3,Hoch
10378439,Scrambled Eggs Whites,2,Frary
10365565,Tater Tots,5,Hoch
10377910,Italian Roast Beef,2,Frank
10370104,Cinnamon French Toast,5,Collins
10366768,Mac and Cheese,5,Frank
10377495,Fried Fishless Filets,2,Collins
10371210,Cottage Cheese,3,Hoch
10362438,Beef Ravioli,4,Oldenborg
10371353,Simple Vegan Breakfast hash,4,Frary
10378200,Beef Ravioli,1,Frank
10377150,Fried Fishless Filets,2,Hoch
10372803,Scrambled Whole Eggs,1,Hoch
10370124,Beef Ravioli,4,Malott
10365579,Chicken and Waffles,2,Frary
10361992,Avocado Toast with Fried Egg,1,Oldenborg
10364382,Avocado Toast with Fried Egg,2,Malott
10371700,Simple Vegan Breakfast hash,3,Frary
10378800,Cheese Pizza,5,McConnel
10369101,Dulce De Leche Oreo Bar,2,Collins
10361068,Chicken and Waffles,4,Malott
10360060,Crab Cake,2,Collins
10376862,Mushroom Swiss Scramble,3,Frary
10375146,Lemon Parmesan Asparagus,4,Oldenborg
10366361,Sauteed Kale,5,Hoch
10367472,Italian Roast Beef,2,Frank
10376837,Pepperoni Pizza,1,Oldenborg
10372682,Sauteed Kale,2,Malott
10363839,Scrambled Eggs Whites,1,Frank
10362587,Dirty Rice,1,Frary
10372665,Avocado Toast with Fried Egg,5,Collins
10378828,Banana Split Pancakes,3,Hoch
10370711,Fried Fishless Filets,1,McConnel
10376763,Simple Vegan Breakfast hash,3,Oldenborg
10362638,Mushroom Swiss Scramble,1,Frary
10372881,Philly Cheesesteak,4,McConnel
10362168,Crab Cake,2,Oldenborg
10361236,Home Fries,5,Hoch
10360102,Dirty Rice,2,Oldenborg
10369928,Sauteed Kale,2,Collins
10365842,Beyond Breakfast Sausage,2,Hoch
10370157,Home Fries,5,Malott
10363037,Cinnamon French Toast,4,Collins
10360754,Bacon Western Cheeseburger Pizza,5,Frary
10373723,Avocado Toast with Fried Egg,4,Frary
10367272,Buttermilk Pancakes,5,Collins
10360378,Chicken and Waffles,4,Hoch
10365514,Mushroom Swiss Scramble,1,Collins
10362958,Mushroom Swiss Scramble,3,Malott
10363625,Tater Tots,3,Frank
10379996,Hash Browns,5,Hoch
10376466,Tater Tots,1,Collins
10379212,Greek Yogurt,2,Collins
10367496,Fried Fishless Filets,1,Malott
10370195,Cottage Cheese,4,Malott
10376257,Home Fries,4,Oldenborg
10365178,Italian Roast Beef,2,Frank
10372072,Scrambled Whole Eggs,4,Malott
10372801,Cheese Pizza,4,Frank
10375690,Scrambled Eggs Whites,1,Hoch
10372444,Mac and Cheese,4,Frary
10373348,Dirty Rice,5,Frank
10371682,Beyond Breakfast Sausage,1,Hoch
10368635,Crab Cake,4,Frank
10378379,Dirty Rice,1,Frank
10367567,New England Clam Chowder,2,Hoch
10361743,Grilled Halal Chicken Breasts,4,Collins
10367766,Roasted Cajun Salmon,3,Frary
10378555,Lemon Parmesan Asparagus,3,Malott
10375297,Dulce De Leche Oreo Bar,2,McConnel
10368038,Sausage Chedar Scramble,2,Frank
10368863,Philly Cheesesteak,1,Frary
10363634,Beef Ravioli,2,McConnel
10377475,Chicken and Waffles,1,Frank
10365055,Beyond Breakfast Sausage,2,Malott
10377451,Avocado Toast with Fried Egg,5,Malott
10368138,Pepperoni Pizza,4,McConnel
10372634,Dirty Rice,1,Hoch
10371573,Beef Ravioli,4,Frank
10371195,Buttermilk Pancakes,1,Hoch
10360036,Succotash,2,Malott
10363969,Chicken and Waffles,1,Hoch
10360016,Banana Split Pancakes,4,Collins
10377227,Gluten Free Oatmeal,3,Malott
10362687,Bacon Western Cheeseburger Pizza,1,Frary
10372141,Italian Roast Beef,4,McConnel
10364661,Bacon Western Cheeseburger Pizza,5,Frary
10365512,BBQ Pulled Chicken Sandwich,1,Collins
10369031,Scrambled Eggs Whites,3,Malott
10366601,Bacon Western Cheeseburger Pizza,3,Frank
10379951,Philly Cheesesteak,5,Collins
10370761,Roasted Cajun Salmon,3,Frary
10370157,Succotash,5,Collins
10370276,Pepperoni Pizza,3,Hoch
10371140,New England Clam Chowder,5,Oldenborg
10368742,Mushroom Swiss Scramble,3,Collins
10372395,Mac and Cheese,1,Collins
10366175,Impossible Beef Soft Tacos,2,Hoch
10369100,Hard Boiled Eggs,3,Malott
10363436,Chicken and Waffles,1,Collins
10366136,Pepperoni Pizza,5,Frary
10378211,Chili Stuffed Sweet Potato,5,Malott
10375806,BBQ Pulled Chicken Sandwich,3,Frary
10364124,Greek Yogurt,1,Oldenborg
10363040,Succotash,5,Oldenborg
10375911,Scrambled Eggs Whites,5,Oldenborg
10362435,Succotash,4,Frary
10365729,Beyond Breakfast Sausage,5,Malott
10360630,New England Clam Chowder,5,Malott
10366127,Chili Stuffed Sweet Potato,4,Collins
10370225,Tater Tots,5,Collins
10373496,Italian Roast Beef,5,Collins
10367420,Hash Browns,3,McConnel
10361785,Bacon Western Cheeseburger Pizza,2,Frary
10370141,Crab Cake,1,McConnel
10366313,Bacon Western Cheeseburger Pizza,5,Collins
10370705,Impossible Beef Soft Tacos,1,McConnel
10363791,Hard Boiled Eggs,1,Oldenborg
10372076,Simple Vegan Breakfast hash,2,Frank
10361938,Poke Bowl,4,Frary
10368151,BBQ Pulled Chicken Sandwich,2,Frary
10379580,Dulce De Leche Oreo Bar,3,Hoch
10378438,Italian Roast Beef,5,Malott
10372660,Roasted Cajun Salmon,3,Collins
10379570,Sauteed Kale,1,Frank
10365568,Fried Fishless Filets,5,Oldenborg
10374785,Philly Cheesesteak,5,Frank
10375139,Avocado Toast with Fried Egg,1,Oldenborg
10368391,Scrambled Whole Eggs,4,Malott
10362886,Scrambled Eggs Whites,2,McConnel
10360758,Sauteed Kale,4,McConnel
10369873,Gluten Free Oatmeal,4,Frary
10372745,Buttermilk Pancakes,3,Malott
10371841,Italian Roast Beef,3,Oldenborg
10379779,Gluten Free Oatmeal,5,Frary
10377121,Italian Roast Beef,4,Malott
10366687,BBQ Pulled Chicken Sandwich,1,Oldenborg
10367573,Cheese Pizza,4,Oldenborg
10365570,Chili Stuffed Sweet Potato,5,Malott
10367988,Dulce De Leche Oreo Bar,2,Frank
10368971,Mushroom Swiss Scramble,5,Frary
10378137,Tater Tots,5,Oldenborg
10365235,New England Clam Chowder,5,Frank
10376885,Cinnamon French Toast,4,Frank
10372829,Tater Tots,4,McConnel
10364916,Italian Roast Beef,3,Malott
10375294,Philly Cheesesteak,1,Frank
10366665,Dirty Rice,5,Hoch
10364639,BBQ Pulled Chicken Sandwich,2,Frank
10361970,Scrambled Eggs Whites,5,McConnel
10375825,Hard Boiled Eggs,2,Malott
10372180,Cottage Cheese,2,Collins
10375469,French Fries,1,Malott
10375704,Sauteed Kale,3,Oldenborg
10361492,Hard Boiled Eggs,3,Collins
10360896,Gluten Free Oatmeal,2,Collins
10377972,Italian Roast Beef,1,Collins
10372686,Cheese Pizza,5,Collins
10366949,Gluten Free Oatmeal,1,Frank
10376602,Cheese Pizza,4,Frank
10360609,Home Fries,1,Frank
10372941,Cinnamon French Toast,2,McConnel
10371111,Avocado Toast with Fried Egg,1,McConnel
10371929,Greek Yogurt,5,Malott
10360094,Cottage Cheese,3,Hoch
10378288,Beef Ravioli,2,Oldenborg
10364348,Chili Stuffed Sweet Potato,1,Collins
10375700,BBQ Pulled Chicken Sandwich,2,Frary
10366935,Hash Browns,2,McConnel
10364249,Impossible Beef Soft Tacos,4,Frank
10363718,Sausage Chedar Scramble,4,McConnel
10369253,Hard Boiled Eggs,4,Frank
10374155,Mac and Cheese,2,McConnel
10362805,Beef Ravioli,1,McConnel
10360971,Greek Yogurt,3,Collins
10360436,Grilled Halal Chicken Breasts,2,Collins
10368248,Scrambled Eggs Whites,4,Malott
10376436,Pepperoni Pizza,3,Frank
10368631,BBQ Pulled Chicken Sandwich,5,Collins
10376884,Roasted Cajun Salmon,1,McConnel
10377054,French Fries,3,McConnel
10379301,Cottage Cheese,5,Malott
10364408,Sausage Chedar Scramble,3,Malott
10375893,Dirty Rice,5,Frank
10372798,Beyond Breakfast Sausage,2,Frary
10379200,Mac and Cheese,4,Frary
10377751,Bacon Western Cheeseburger Pizza,1,Collins
10362451,Tater Tots,4,Oldenborg
10373688,Poke Bowl,2,Frank
10372926,Mac and Cheese,1,Frank
10378688,New England Clam Chowder,1,Hoch
10368574,Mac and Cheese,4,Hoch
10363075,Avocado Toast with Fried Egg,1,Collins
10372459,Banana Split Pancakes,1,Malott
10378474,Italian Roast Beef,3,McConnel
10369294,Crab Cake,3,Collins
10370491,Hard Boiled Eggs,2,McConnel
10363443,Simple Vegan Breakfast hash,1,Oldenborg
10373707,Hard Boiled Eggs,5,McConnel
10379068,Scrambled Eggs Whites,3,Collins
10374926,Dulce De Leche Oreo Bar,2,Frary
10376823,Beyond Breakfast Sausage,4,McConnel
10375185,Sauteed Kale,5,Hoch
10361489,Dulce De Leche Oreo Bar,2,Hoch
10365724,Sausage Chedar Scramble,2,Frary
10372209,Gluten Free Oatmeal,1,Hoch
10374446,Italian Roast Beef,1,Collins
10367618,Tater Tots,5,Frary
10362150,Hard Boiled Eggs,5,Frary
10363043,Scrambled Whole Eggs,1,Frank
10378241,Home Fries,3,Frary
10367873,Crab Cake,4,Malott
10370603,Dirty Rice,1,McConnel
10374632,Succotash,4,Malott
10373374,Cinnamon French Toast,2,Oldenborg
10365282,Hash Browns,5,Collins
10363177,Poke Bowl,3,Malott
10362835,Grilled Halal Chicken Breasts,1,Malott
10367194,Bacon Western Cheeseburger Pizza,1,Frank
10366217,Beef Ravioli,3,Frank
10378560,Buttermilk Pancakes,2,Hoch
10377841,Scrambled Eggs Whites,1,Oldenborg
10361998,Bacon Western Cheeseburger Pizza,3,Oldenborg
10377612,Buttermilk Pancakes,1,Frank
10364630,Philly Cheesesteak,4,Oldenborg
10361474,Dulce De Leche Oreo Bar,3,Collins
10364267,Lemon Parmesan Asparagus,3,Frank
10368805,Fried Fishless Filets,5,McConnel
10367511,Scrambled Whole Eggs,1,McConnel
10370610,Buttermilk Pancakes,1,Frary
10366771,Crab Cake,5,McConnel
10364958,Philly Cheesesteak,5,Hoch
10374484,Dulce De Leche Oreo Bar,5,Frary
10374121,Chili Stuffed Sweet Potato,2,Hoch
10378541,Beyond Breakfast Sausage,2,Collins
10377803,Gluten Free Oatmeal,2,Frary
10360246,Mac and Cheese,5,Frank
10366405,Hard Boiled Eggs,3,McConnel
10375806,Philly Cheesesteak,5,Frank
10373717,Impossible Beef Soft Tacos,3,McConnel
10373915,Scrambled Eggs Whites,1,Hoch
10360991,Fried Fishless Filets,1,Frank
10366832,Simple Vegan Breakfast hash,1,Collins
10369949,Hard Boiled Eggs,4,Oldenborg
10368687,Home Fries,4,Frary
10363560,Poke Bowl,1,McConnel
10361246,Hash Browns,5,Oldenborg
10373566,Crab Cake,2,Hoch
10360608,Sausage Chedar Scramble,3,Hoch
10370138,Fried Fishless Filets,3,Hoch
10363021,Beyond Breakfast Sausage,1,Collins
10362720,Gluten Free Oatmeal,2,Hoch
10376945,Philly Cheesesteak,4,Frank
10377350,Chili Stuffed Sweet Potato,3,Hoch
10377457,Hard Boiled Eggs,3,Frank
10371068,Mushroom Swiss Scramble,1,Frary
10371410,Sausage Chedar Scramble,2,Collins
10376334,Home Fries,5,McConnel
10373417,Tater Tots,2,Frank
10377933,Crab Cake,3,Frank
10372115,Tater Tots,1,Frary
10378945,Home Fries,1,McConnel
10366779,Mac and Cheese,5,Collins
10370163,Greek Yogurt,3,Oldenborg
10376159,Crab Cake,5,Hoch
10364181,French Fries,3,Frary
10362002,Sausage Chedar Scramble,1,McConnel
10378506,Beyond Breakfast Sausage,4,McConnel
10373265,Simple Vegan Breakfast hash,5,Collins
10366454,BBQ Pulled Chicken Sandwich,3,Frank
10365837,Beef Ravioli,5,Hoch
10368019,Fried Fishless Filets,3,Oldenborg
10369212,Avocado Toast with Fried Egg,4,Collins
10361623,Lemon Parmesan Asparagus,4,McConnel
10377402,Italian Roast Beef,5,McConnel
10378812,Cinnamon French Toast,5,Frary
10366734,Philly Cheesesteak,4,Frank
10365866,Roasted Cajun Salmon,1,Oldenborg
10369627,Bacon Western Cheeseburger Pizza,4,McConnel
10379100,Grilled Halal Chicken Breasts,3,Malott
10368550,New England Clam Chowder,1,Oldenborg
10374540,Grilled Halal Chicken Breasts,3,Collins
10361757,Cottage Cheese,1,Oldenborg
10365264,Dirty Rice,5,Frank
10372844,Chili Stuffed Sweet Potato,5,Frank
10371270,French Fries,5,McConnel
10369411,Bacon Western Cheeseburger Pizza,4,Collins
10378568,Dulce De Leche Oreo Bar,5,McConnel
10365646,BBQ Pulled Chicken Sandwich,1,Hoch
10372865,Mushroom Swiss Scramble,5,Frank
10371954,New England Clam Chowder,5,Hoch
10377790,Mac and Cheese,4,Hoch
10365080,Hard Boiled Eggs,5,Malott
10376923,Tater Tots,2,Frary
10366163,Scrambled Whole Eggs,5,McConnel
10361676,Cottage Cheese,4,Collins
10369243,BBQ Pulled Chicken Sandwich,1,Malott
10364541,Avocado Toast with Fried Egg,1,Frank
10376114,Tater Tots,3,Frank
10369078,Cottage Cheese,1,Hoch
10377467,Cottage Cheese,2,Hoch
10366764,Roasted Cajun Salmon,1,Hoch
10363388,Cinnamon French Toast,2,Hoch
10377503,Chicken and Waffles,5,Frank
10361428,Tater Tots,2,Malott
10377520,Chicken and Waffles,5,McConnel
10362338,Sauteed Kale,5,Malott
10360330,Sauteed Kale,4,Malott
10369496,Avocado Toast with Fried Egg,3,Collins
10368118,Fried Fishless Filets,2,Frank
10371919,Dirty Rice,1,Frary
10360643,Succotash,5,McConnel
10375240,Gluten Free Oatmeal,5,Frary
10374984,Hash Browns,5,Malott
10368060,Mushroom Swiss Scramble,2,Hoch
10360084,Gluten Free Oatmeal,1,Oldenborg
10376594,Italian Roast Beef,3,McConnel
10366931,Beyond Breakfast Sausage,2,Frank
10369700,Philly Cheesesteak,1,Collins
10373242,Impossible Beef Soft Tacos,4,Collins
10370994,French Fries,4,Malott
10376135,Banana Split Pancakes,2,Hoch
10377704,Scrambled Whole Eggs,2,McConnel
10369798,Cottage Cheese,3,Malott
10378319,Cheese Pizza,3,Hoch
10373256,French Fries,1,Collins
10378488,Cheese Pizza,2,Frary
10375481,Scrambled Whole Eggs,2,McConnel
10375402,Home Fries,5,Collins
10376210,Pepperoni Pizza,3,Oldenborg
10378680,Sauteed Kale,5,Hoch
10362879,French Fries,2,Oldenborg
10367637,Home Fries,4,Malott
10369124,Impossible Beef Soft Tacos,5,Collins
10371524,Chicken and Waffles,5,Malott
10371130,Avocado Toast with Fried Egg,4,Frary
10377343,French Fries,3,Collins
10368568,Cheese Pizza,4,Collins
10371141,Grilled Halal Chicken Breasts,5,Malott
10371522,Impossible Beef Soft Tacos,3,Malott
10371119,Scrambled Whole Eggs,4,Frank
10371427,Cheese Pizza,1,McConnel
10366218,Hash Browns,5,Collins
10368448,Cheese Pizza,4,Hoch
10378812,Hard Boiled Eggs,4,Malott
10377918,Mac and Cheese,1,Frary
10363135,Dirty Rice,5,Frank
10366793,Italian Roast Beef,3,Frank
10360860,Avocado Toast with Fried Egg,4,Malott
10377399,Bacon Western Cheeseburger Pizza,2,Oldenborg
10367807,New England Clam Chowder,3,Frank
10365980,Cheese Pizza,4,Oldenborg
10367852,Simple Vegan Breakfast hash,3,Oldenborg
10377922,Beyond Breakfast Sausage,3,Hoch
10373587,Scrambled Eggs Whites,1,Frary
10364265,New England Clam Chowder,2,Oldenborg
10362654,Scrambled Eggs Whites,1,McConnel
10368221,Roasted Cajun Salmon,5,McConnel
10374678,Chili Stuffed Sweet Potato,2,Malott
10376150,Dirty Rice,3,Hoch
10366647,Sauteed Kale,2,McConnel
10369861,BBQ Pulled Chicken Sandwich,2,Malott
10361761,Roasted Cajun Salmon,2,Malott
10363134,Hard Boiled Eggs,2,McConnel
10367216,Greek Yogurt,1,Hoch
10372463,Roasted Cajun Salmon,3,Hoch
10367185,Banana Split Pancakes,5,McConnel
10365877,Sausage Chedar Scramble,3,McConnel
10365014,New England Clam Chowder,1,Hoch
10367992,Beyond Breakfast Sausage,1,Hoch
10363800,Buttermilk Pancakes,5,Frank
10379655,Sauteed Kale,2,Oldenborg
10370429,Mac and Cheese,5,Collins
10377875,Cinnamon French Toast,5,Malott
10366125,Impossible Beef Soft Tacos,2,Hoch
10368309,Lemon Parmesan Asparagus,3,McConnel
10379132,Sausage Chedar Scramble,3,Collins
10378168,Chicken and Waffles,3,Malott
10362190,Chili Stuffed Sweet Potato,2,Oldenborg
10374105,Chili Stuffed Sweet Potato,1,Malott
10373717,Chicken and Waffles,2,Oldenborg
10363340,Cottage Cheese,4,Hoch
10372316,Avocado Toast with Fried Egg,2,Frank
10361311,Dulce De Leche Oreo Bar,5,McConnel
10367455,Tater Tots,2,Hoch
10372082,Scrambled Whole Eggs,4,Oldenborg
10372287,Philly Cheesesteak,1,McConnel
10378731,Beef Ravioli,5,Hoch
10367072,Sauteed Kale,5,Hoch
10369881,Sauteed Kale,1,Frank
10372787,Sausage Chedar Scramble,4,Malott
10371902,Dulce De Leche Oreo Bar,3,Frary
10379217,Beyond Breakfast Sausage,5,Hoch
10364865,Chili Stuffed Sweet Potato,3,Frank
10362654,Poke Bowl,5,Frary
10362109,Buttermilk Pancakes,2,McConnel
10376486,Bacon Western Cheeseburger Pizza,4,Malott
10366020,Dirty Rice,4,Hoch
10379252,Hash Browns,1,Malott
10361987,Dulce De Leche Oreo Bar,2,Frank
10370048,Crab Cake,1,McConnel
10374483,Bacon Western Cheeseburger Pizza,1,Hoch
10369941,Simple Vegan Breakfast hash,1,Frary
10375537,Beef Ravioli,3,Frank
10376272,Fried Fishless Filets,4,Frank
10367235,Crab Cake,2,McConnel
10378730,Impossible Beef Soft Tacos,2,Frary
10369576,Mushroom Swiss Scramble,3,Collins
10360968,Mushroom Swiss Scramble,3,Collins
10379867,Buttermilk Pancakes,3,Frank
10370437,Sausage Chedar Scramble,2,Frank
10371907,Crab Cake,2,Hoch
10366941,Simple Vegan Breakfast hash,3,Hoch
10377993,Cheese Pizza,4,Collins
10369231,Sausage Chedar Scramble,3,Oldenborg
10364695,Dulce De Leche Oreo Bar,1,Frank
10376096,Cottage Cheese,4,Hoch
10360461,Impossible Beef Soft Tacos,4,Hoch
10364160,Chili Stuffed Sweet Potato,5,Collins
10377810,Scrambled Eggs Whites,2,McConnel
10373412,Roasted Cajun Salmon,5,Frank
10375109,BBQ Pulled Chicken Sandwich,1,Malott
10374452,French Fries,3,Malott
10378084,Succotash,2,Oldenborg
10375374,Scrambled Eggs Whites,2,Oldenborg
10375078,Scrambled Eggs Whites,5,Hoch
10377618,Chicken and Waffles,2,Frank
10370424,Philly Cheesesteak,3,Frank
10375848,Chicken and Waffles,2,Oldenborg
10360164,Scrambled Eggs Whites,4,Frary
10377067,Mushroom Swiss Scramble,3,Malott
10365447,Hard Boiled Eggs,1,Malott
10366286,Poke Bowl,3,Frary
10370807,Cottage Cheese,4,Hoch
10372783,Greek Yogurt,3,Malott
10372541,Scrambled Whole Eggs,2,Frank
10366366,Chicken and Waffles,2,Malott
10378550,Pepperoni Pizza,3,Frank
10379404,Hash Browns,1,Collins
10366311,French Fries,2,Malott
10368289,Succotash,5,Frank
10377764,Scrambled Whole Eggs,4,Frary
10366679,Succotash,5,Malott
10372162,Bacon Western Cheeseburger Pizza,4,Oldenborg
10362595,Mushroom Swiss Scramble,3,Oldenborg
10372322,French Fries,5,Oldenborg
10373758,Avocado Toast with Fried Egg,1,Oldenborg
10372802,Pepperoni Pizza,3,McConnel
10366672,Gluten Free Oatmeal,2,Frank
10373861,French Fries,4,McConnel
10379314,Beef Ravioli,3,Hoch
10372979,Bacon Western Cheeseburger Pizza,1,Frank
10370579,Tater Tots,1,Malott
10367810,Tater Tots,1,Malott
10379443,Hard Boiled Eggs,1,Collins
10363492,Buttermilk Pancakes,2,Frary
10364678,Home Fries,3,Frary
10378626,Italian Roast Beef,5,Frank
10375175,Philly Cheesesteak,2,Frary
10378010,Scrambled Eggs Whites,1,Frank
10378096,Chicken and Waffles,3,Collins
10376926,Dulce De Leche Oreo Bar,2,Malott
10370478,Crab Cake,3,Hoch
10376270,Fried Fishless Filets,4,Hoch
10377844,Mac and Cheese,1,Collins
10363902,Buttermilk Pancakes,2,Frank
10362323,Tater Tots,5,McConnel
10369278,Buttermilk Pancakes,1,McConnel
10368886,Simple Vegan Breakfast hash,1,Hoch
10360276,French Fries,5,Hoch
10365014,Lemon Parmesan Asparagus,1,Frary
10372123,Lemon Parmesan Asparagus,3,Hoch
10361941,Crab Cake,3,Oldenborg
10377965,Bacon Western Cheeseburger Pizza,4,McConnel
10365154,Bacon Western Cheeseburger Pizza,1,Collins
10370015,Home Fries,3,Malott
10377890,Sausage Chedar Scramble,2,Hoch
10363338,Succotash,4,Collins
10364066,Fried Fishless Filets,2,Frary
10364825,Mushroom Swiss Scramble,4,McConnel
10362261,New England Clam Chowder,5,Collins
10363353,Dulce De Leche Oreo Bar,5,Frary
10362743,Sauteed Kale,1,Frary
10367400,Tater Tots,1,Hoch
10378191,Scrambled Eggs Whites,4,Frary
10363160,Mushroom Swiss Scramble,4,Oldenborg
10368472,Hard Boiled Eggs,3,Collins
10362621,Avocado Toast with Fried Egg,5,Collins
10373399,Simple Vegan Breakfast hash,1,Frary
10376436,Sauteed Kale,1,Frank
10363883,Buttermilk Pancakes,1,McConnel
10377052,Greek Yogurt,4,Oldenborg
10374797,French Fries,5,Oldenborg
10367902,Hash Browns,1,Frary
10374946,Fried Fishless Filets,5,Malott
10360732,Cheese Pizza,5,Oldenborg
10369741,Philly Cheesesteak,4,Frary
10369189,Succotash,3,McConnel
10362400,Avocado Toast with Fried Egg,4,McConnel
10370718,Mac and Cheese,3,McConnel
10365049,Pepperoni Pizza,2,Collins
10375183,Cheese Pizza,2,Malott
10372538,BBQ Pulled Chicken Sandwich,2,Oldenborg
10376174,Sauteed Kale,5,Frary
10367983,Tater Tots,4,Malott
10373727,Chili Stuffed Sweet Potato,5,Collins
10368728,Hash Browns,3,Oldenborg
10363798,Cheese Pizza,3,Frank
10367680,BBQ Pulled Chicken Sandwich,2,Oldenborg
10362548,Sausage Chedar Scramble,1,Collins
10369323,Succotash,2,McConnel
10377968,Italian Roast Beef,2,Oldenborg
10367550,Sauteed Kale,3,Oldenborg
10374314,Home Fries,2,Hoch
10364931,Impossible Beef Soft Tacos,2,McConnel
10360294,Home Fries,3,Malott
10371859,Scrambled Whole Eggs,1,Frary
10369665,Chili Stuffed Sweet Potato,3,Oldenborg
10363150,Scrambled Eggs Whites,3,Frary
10368317,Grilled Halal Chicken Breasts,5,Malott
10376102,Grilled Halal Chicken Breasts,1,Hoch
10364877,Sausage Chedar Scramble,2,Collins
10376013,Fried Fishless Filets,2,Malott
10377663,French Fries,2,Malott
10377424,Mushroom Swiss Scramble,4,Oldenborg
10379256,Chicken and Waffles,4,Frary
10375335,Chicken and Waffles,3,Oldenborg
10371862,Hash Browns,2,Malott
10375002,French Fries,5,Oldenborg
10364390,Roasted Cajun Salmon,5,Frank
10369786,Bacon Western Cheeseburger Pizza,5,Malott
10371822,Italian Roast Beef,5,Frary
10376644,Scrambled Eggs Whites,4,Frary
10365741,Cinnamon French Toast,3,Frank